id,agency,date,title,category,hazard,remedy,url
26C006000,NHTSA,2026-08-20,"Britax Child Safety, Inc. Recalls Child Restraints: Child Seat Carrying Handle May Detach",Car Seats,"A child may fall after a partial detachment, increasing the risk of injury.","The remedy is currently under development. Owner notification letters are expected to be mailed by October 19, 2026. Owners may contact Britax customer service at 888-427-4829.",https://www.nhtsa.gov/recalls?nhtsaId=26C006000
26-688,CPSC,2026-08-13,"Taleco Gear Recalls Baby Jumpers, Baby Swings and 2-in-1 Baby Jumper & Swings Due to Risk of Serious Injury or Death from Fall and Strangulation Hazards",Cribs & Sleep,"The baby jumper, baby swing and 2-in-1 baby jumper & swing can become unstable, posing fall and impact hazards. Additionally, the hanging restraint straps and seat openings can pose strangulation hazards.",Consumers should stop using the recalled products immediately and contact Taleco Gear to receive a full refund. Consumers will be provided with instructions on how to destroy the recalled products and provide photos of the destroyed parts to obtain a full refund.,https://www.cpsc.gov/Recalls/2026/Taleco-Gear-Recalls-Baby-Jumpers-Baby-Swings-and-2-in-1-Baby-Jumper-Swings-Due-to-Risk-of-Serious-Injury-or-Death-from-Fall-and-Strangulation-Hazards
26-689,CPSC,2026-08-13,TooyBing Wooden Bead Stacking Toys Recalled Due to Risk of Serious Injury or Death from Choking; Violate Small Parts Ban,Toys & Games,The recalled toys violate the small parts ban because they are intended for children under three years old and the wooden beads pose a deadly choking hazard to young children.,"Consumers should stop using the toys immediately, take them away from children, and contact TooyBing for free replacement.",https://www.cpsc.gov/Recalls/2026/TooyBing-Wooden-Bead-Stacking-Toys-Recalled-Due-to-Risk-of-Serious-Injury-or-Death-from-Choking-Violate-Small-Parts-Ban
26-693,CPSC,2026-08-13,Yamazuki Recalls Youth All-Terrain Vehicles (ATVs) Due to Risk of Serious Injury or Death from Crash Hazard; Violates Mandatory Standard for ATVs,"Bikes, Scooters & Ride-ons","The recalled youth ATVs violate the mandatory safety standard for ATVs because the parking brakes fail to hold and the ATV’s speed limiting device is not set to the restricted speed required for children ages six (6) and older, posing a crash hazard.","Consumers should stop using the recalled youth ATVs immediately and contact Yamazuki for a free repair kit, including shipping. The repair kit consists of replacement parking brake latches, rear safety reflectors, an owner’s manual storage bag and repair tools.",https://www.cpsc.gov/Recalls/2026/Yamazuki-Recalls-Youth-All-Terrain-Vehicles-ATVs-Due-to-Risk-of-Serious-Injury-or-Death-from-Crash-Hazard-Violates-Mandatory-Standard-for-ATVs
26-697,CPSC,2026-08-13,Shengsen Prank Sound Makers Recalled Due to Risk of Serious Injury or Death from Battery Ingestion; Violate Mandatory Standard for Consumer Products with Coin Batteries; Imported by Shengsen Toys,Toys & Games,"The recalled sound maker violates the mandatory safety standard for consumer products with button cell and coin batteries because the lithium coin batteries can be accessed easily by children, posing an ingestion hazard.",Consumers should stop using the sound maker immediately and contact Shengsen Toys for a full refund. Consumers will be asked to properly dispose of the sound maker into the trash and send a photo of the disposed product to ywpower@outlook.com. Note: Button cell and coin batteries are hazardous.,https://www.cpsc.gov/Recalls/2026/Shengsen-Prank-Sound-Makers-Recalled-Due-to-Risk-of-Serious-Injury-or-Death-from-Battery-Ingestion-Violate-Mandatory-Standard-for-Consumer-Products-with-Coin-Batteries-Imported-by-Shengsen-Toys
26-698,CPSC,2026-08-13,CuberShop Magnetic Speed Cubes Recalled Due to Risk of Serious Injury or Death from Magnet Ingestion; Violate Mandatory Standard for Toys; Imported by SKY CUBE HK,Toys & Games,"The recalled magnetic cubes violate the mandatory standard for toys because the cubes were packaged with loose high-powered magnets, posing an ingestion hazard to children.","Consumers should take the recalled loose magnets away from children, stop using them immediately, and contact SKY CUBE HK for information on how to receive a partial refund of $5. Consumers may keep the cube.",https://www.cpsc.gov/Recalls/2026/CuberShop-Magnetic-Speed-Cubes-Recalled-Due-to-Risk-of-Serious-Injury-or-Death-from-Magnet-Ingestion-Violate-Mandatory-Standard-for-Toys-Imported-by-SKY-CUBE-HK
26-662,CPSC,2026-08-06,OKK Trading Recalls Easter LED Headbands Due to Risk of Serious Injury or Death from Battery Ingestion; Violate Mandatory Standard for Toys,Toys & Games,"The recalled headbands violate the mandatory safety standard for toys with button cell and coin batteries because the lithium coin batteries can be accessed easily by children, posing an ingestion hazard.",Consumers should stop using the Easter LED Headbands immediately and contact OKK Trading for a refund. Consumers will be asked to email recall@okktoys.com a photograph showing the product being properly disposed of in the trash. Note: Button cell batteries are hazardous.,https://www.cpsc.gov/Recalls/2026/OKK-Trading-Recalls-Easter-LED-Headbands-Due-to-Risk-of-Serious-Injury-or-Death-from-Battery-Ingestion-Violate-Mandatory-Standard-for-Toys
26-664,CPSC,2026-08-06,Magnetic Fidget Sliders Recalled Due to Risk of Serious Injury or Death from Magnet Ingestion; Violate Mandatory Standard for Toys: Sold on Amazon by BUSOHA,Toys & Games,"The magnetic fidget sliders violate the mandatory standard for toys because they can liberate loose magnets posing an ingestion hazard to children. When high-powered magnets are swallowed, the ingested magnets can attract each other or other metal objects and become lodged in the digestive system.","Consumers should take the fidget sliders away from children, stop using them immediately and contact BUSOHA for a full refund. Consumers will be asked to throw away the fidget sliders and submit a photo of the disposed toys to BUSHOHArecall@outlook.com to receive a refund.",https://www.cpsc.gov/Recalls/2026/Magnetic-Fidget-Sliders-Recalled-Due-to-Risk-of-Serious-Injury-or-Death-from-Magnet-Ingestion-Violate-Mandatory-Standard-for-Toys-Sold-on-Amazon-by-BUSOHA
26-665,CPSC,2026-08-06,Wnttmt Baby Walkers Recalled Due to Risk of Serious Injury or Death from Fall and Entrapment Hazards; Violate Mandatory Standard for Infant Walkers; Sold on Amazon by WURUI.BABY,Strollers & Carriers,"The recalled infant walkers violate the mandatory standard for infant walkers because they can fit through a standard doorway and fail to stop at the edge of a step, posing a deadly fall hazard.",Consumers should stop using the recalled infant walkers immediately and contact WURUI.BABY for a full refund.,https://www.cpsc.gov/Recalls/2026/Wnttmt-Baby-Walkers-Recalled-Due-to-Risk-of-Serious-Injury-or-Death-from-Fall-and-Entrapment-Hazards-Violate-Mandatory-Standard-for-Infant-Walkers-Sold-on-Amazon-by-WURUI-BABY
26-667,CPSC,2026-08-06,Magnetic Fidget Sliders Recalled Due to Risk of Serious Injury or Death from Magnet Ingestion; Violate Mandatory Standard for Toys; Sold on Amazon by PIXLABBY,Toys & Games,The magnetic fidget sliders violate the mandatory standard for toys because they can liberate loose high-powered magnets posing an ingestion hazard to children.,"Consumers should take the fidget sliders away from children, stop using them immediately and contact PIXLABBY for a full refund. Consumers will be asked to throw away the fidget sliders and submit a photo of the disposed toys to ah1998zxc@gmail.com to receive a refund.",https://www.cpsc.gov/Recalls/2026/Magnetic-Fidget-Sliders-Recalled-Due-to-Risk-of-Serious-Injury-or-Death-from-Magnet-Ingestion-Violate-Mandatory-Standard-for-Toys-Sold-on-Amazon-by-PIXLABBY
26-669,CPSC,2026-08-06,Play Yard and Crib Mattresses Recalled Due to Risk of Serious Injury or Death from Entrapment and Fire Hazards; Violate Mandatory Standards for Mattresses; Sold on Amazon by Voomf,Cribs & Sleep,"The recalled mattresses violate the mandatory safety standard for crib mattresses because the mattresses may not adequately fit certain play yards, posing a deadly entrapment hazard.",Consumers should stop using the mattresses immediately and contact Voomf for a full refund.,https://www.cpsc.gov/Recalls/2026/Play-Yard-and-Crib-Mattresses-Recalled-Due-to-Risk-of-Serious-Injury-or-Death-from-Entrapment-and-Fire-Hazards-Violate-Mandatory-Standards-for-Mattresses-Sold-on-Amazon-by-Voomf
26-671,CPSC,2026-08-06,Little Rawr Pull String Teething Toys Recalled Due to Risk of Serious Injury or Death from Choking; Violate Mandatory Standard for Toys; Sold on Amazon by Okabesini-us,Feeding & High Chairs,"The recalled teething toys violate the mandatory standard for toys because the silicone strings are smaller and longer than permitted. The strings can reach the back of children’s throat and become lodged, posing a serious risk of respiratory distress and a deadly choking hazard.","Consumers should stop using the teething toy immediately, take it away from children and contact Okabesini-us to receive a full refund.",https://www.cpsc.gov/Recalls/2026/Little-Rawr-Pull-String-Teething-Toys-Recalled-Due-to-Risk-of-Serious-Injury-or-Death-from-Choking-Violate-Mandatory-Standard-for-Toys-Sold-on-Amazon-by-Okabesini-us
26-672,CPSC,2026-08-06,Syera Projecting Finger Light Toys Recalled Due to Risk of Serious Injury from Battery Ingestion; Violate Mandatory Standard for Toys; Sold on TEMU by Senyu,Toys & Games,The recalled LED finger lights violate the mandatory safety standard for toys because they contain button cell batteries that can be easily accessed by children.,"Consumers should stop using the recalled toys immediately, take them away from children and contact Syera for a full refund. Consumers will be asked to remove and properly dispose of the finger lights into the trash and send a photo of the disposed product to syerarecallusa@outlook.com.",https://www.cpsc.gov/Recalls/2026/Syera-Projecting-Finger-Light-Toys-Recalled-Due-to-Risk-of-Serious-Injury-from-Battery-Ingestion-Violate-Mandatory-Standard-for-Toys-Sold-on-TEMU-by-Senyu
26C005000,NHTSA,2026-08-06,"Evenflo Company, Inc. Recalls Child Restraints: Incorrect Indicator for Recline Position/FMVSS 213",Car Seats,A child seat that is not reclined as intended increases the risk of injury in a crash.,"The remedy for this recall is currently under development. Interim letters, notifying owners of the safety risk, are expected to be mailed beginning September 1, 2026. Additional letters will be sent once the remedy is available. Owners may contact Evenflo customer service at 1-800-233-5921.",https://www.nhtsa.gov/recalls?nhtsaId=26C005000
26-651,CPSC,2026-07-30,HARPPA Recalls Nordi Toddler Tower Stools Due to Risk of Serious Injury and Death from Entrapment and Fall Hazards,Kids Furniture & Storage,"The recalled tower stools can collapse or tip over while in use, and a child’s torso can fit through the openings on the front and back sides, posing a risk of serious injury and death due to tip over, fall and entrapment hazards.","Consumers should stop using the recalled stools immediately and store them away from children. Contact HARPPA for a free repair kit, including shipping. The repair kit consists of protective nets, stabilizing feet and installation instructions.",https://www.cpsc.gov/Recalls/2026/HARPPA-Recalls-Nordi-Toddler-Tower-Stools-Due-to-Risk-of-Serious-Injury-and-Death-from-Entrapment-and-Fall-Hazards
26-655,CPSC,2026-07-30,Mangohood Direct Kids Kitchen Standing Towers Recalled Due to Risk of Serious Injury and Death from Entrapment and Fall Hazards; Imported by Hangzhou Xinyanchuangxin,Kids Furniture & Storage,"The recalled tower stools can collapse or tip over while in use, and a child’s torso can fit through the openings on the front and back sides, posing a risk of serious injury and death due to tip over, fall and entrapment hazards.","Consumers should stop using the recalled tower stools immediately and store them away from children until repaired. Contact Hangzhou Xinyanchuangxin for repair parts, which include stabilizing feet and installation instructions.",https://www.cpsc.gov/Recalls/2026/Mangohood-Direct-Kids-Kitchen-Standing-Towers-Recalled-Due-to-Risk-of-Serious-Injury-and-Death-from-Entrapment-and-Fall-Hazards-Imported-by-Hangzhou-Xinyanchuangxin
26-656,CPSC,2026-07-30,Mommy’s Baby Lovely Deluxe Baby Doll Playsets Recalled Due to Risk of Serious Injury or Death from Choking Hazard; Violate Small Parts Ban; Sold on Temu by TOYHW,Toys & Games,"The recalled doll playsets violate the small parts ban because the toys are for children under three years old and some of the accessories are small parts, posing a deadly choking hazard.","Consumers should stop using the recalled toys immediately, take them away from children, and contact TOYHW for a full refund. Consumers will be asked to throw away the baby doll playset and email a photo of the disposed product to TOYHWRecall@163.com to receive a full refund.",https://www.cpsc.gov/Recalls/2026/Mommys-Baby-Lovely-Deluxe-Baby-Doll-Playsets-Recalled-Due-to-Risk-of-Serious-Injury-or-Death-from-Choking-Hazard-Violate-Small-Parts-Ban-Sold-on-Temu-by-TOYHW
26-657,CPSC,2026-07-30,Recall of Cpzzkq Baby Loungers Expanded Due to Risk of Serious Injury or Death from Suffocation Hazard; Violate Mandatory Standard for Infant Support Cushions; Sold on Amazon by CetoPMax,Cribs & Sleep,"The recalled baby loungers violate the mandatory safety standard for infant support cushions because the padding can obstruct an infant’s breathing, posing a serious risk of injury or deadly suffocation hazard.","Consumers should stop using the baby loungers immediately and contact CetoPMax for a refund. Consumers will be asked to remove the foam and pad from the baby lounger’s cover and cut the cover, foam and pad in half.",https://www.cpsc.gov/Recalls/2026/Recall-of-Cpzzkq-Baby-Loungers-Expanded-Due-to-Risk-of-Serious-Injury-or-Death-from-Suffocation-Hazard-Violate-Mandatory-Standard-for-Infant-Support-Cushions-Sold-on-Amazon-by-CetoPMax
26-658,CPSC,2026-07-30,Woodure Toddler Kitchen Step Stools Recalled Due to Risk of Serious Injury and Death from Entrapment and Fall Hazards; Imported by Shenzhen Muqiqu Creative Development,Kids Furniture & Storage,"The recalled tower stools can collapse or tip over while in use, and a child’s torso can fit through the openings on the front and back sides, posing a risk of serious injury and death due to tip over, fall and entrapment hazards.","Consumers should stop using the recalled tower stools immediately and store them away from children. Contact Shenzhen Muqiqu Creative Development for a repair kit, which includes protective nets, stabilizing feet and installation instructions.",https://www.cpsc.gov/Recalls/2026/Woodure-Toddler-Kitchen-Step-Stools-Recalled-Due-to-Risk-of-Serious-Injury-and-Death-from-Entrapment-and-Fall-Hazards-Imported-by-Shenzhen-Muqiqu-Creative-Development
26-635,CPSC,2026-07-23,Aojieni Silicone Recalls Sili Factory Pull String Teething Toys Due to Risk of Serious Injury or Death from Choking; Violate Mandatory Standard for Toys,Feeding & High Chairs,"The recalled teething toys violate the mandatory standard for toys because the silicone strings are smaller and longer than permitted. The strings can reach the back of children’s throat and become lodged, posing a serious risk of respiratory distress and deadly choking hazard.","Consumers should stop using the teething toy immediately, take it away from children and contact Aojieni Silicone to receive a full refund.",https://www.cpsc.gov/Recalls/2026/Aojieni-Silicone-Recalls-Sili-Factory-Pull-String-Teething-Toys-Due-to-Risk-of-Serious-Injury-or-Death-from-Choking-Violate-Mandatory-Standard-for-Toys
26-638,CPSC,2026-07-23,CuddleCubs Creations Teething Toy Sets Recalled Due to Risk of Serious Injury or Death from Choking; Violate Mandatory Standard for Toys; Sold on Amazon by YouRfocus,Feeding & High Chairs,The recalled teething toy sets contain a pull string teething toy that violates the mandatory standard for toys because the silicone strings are smaller and longer than permitted.,"Consumers should stop using the pull string teething toys immediately, take them away from children and contact YouRfocus for a full refund.",https://www.cpsc.gov/Recalls/2026/CuddleCubs-Creations-Teething-Toy-Sets-Recalled-Due-to-Risk-of-Serious-Injury-or-Death-from-Choking-Violate-Mandatory-Standard-for-Toys-Sold-on-Amazon-by-YouRfocus
26-639,CPSC,2026-07-23,Peony Design Recalls Personalized Baby Bibs and Stroller Bags Due to Risk of Serious Injury or Death from Choking Hazard,Strollers & Carriers,"The snap can detach from the recalled bibs and stroller bags, posing a risk of serious injury or death from a choking hazard to young children.","Consumers should take the recalled baby bibs and stroller bags away from children immediately, stop using them, and contact Peony Design to receive a full refund. Consumers will be asked to discard the recalled baby bibs and stroller bags.",https://www.cpsc.gov/Recalls/2026/Peony-Design-Recalls-Personalized-Baby-Bibs-and-Stroller-Bags-Due-to-Risk-of-Serious-Injury-or-Death-from-Choking-Hazard
26C004000,NHTSA,2026-07-17,"Evenflo Company, Inc. Recalls Child Restraints: Headrest Position May Shift in a Crash/FMVSS 213",Car Seats,A headrest that shifts unexpectedly may increase the risk of injury in a crash.,"The remedy for this recall is currently under development. Interim letters, notifying owners of the safety risk, are expected to be mailed August 17, 2026. Additional letters will be sent once the remedy is available. Owners may contact Evenflo customer service at 1-800-233-5921.",https://www.nhtsa.gov/recalls?nhtsaId=26C004000
26-617,CPSC,2026-07-16,Oitnlaughter Projecting Finger Light Toys Recalled Due to Risk of Serious Injury or Death from Battery Ingestion; Violate Mandatory Standard for Toys; Sold on Amazon by Delightmi,Toys & Games,The recalled finger lights violate the mandatory safety standard for toys because they contain button cell batteries that can be easily accessed by children.,"Consumers should stop using the recalled toys immediately, take them away from children and contact Delightmi for a full refund. Consumers will be asked to properly dispose of the finger lights into the trash and send a photo of the disposed product to delightmi@outlook.com.",https://www.cpsc.gov/Recalls/2026/Oitnlaughter-Projecting-Finger-Light-Toys-Recalled-Due-to-Risk-of-Serious-Injury-or-Death-from-Battery-Ingestion-Violate-Mandatory-Standard-for-Toys-Sold-on-Amazon-by-Delightmi
26-620,CPSC,2026-07-16,TOMY Recalls Boon PIVOT Collapsible Toddler Tower Kitchen Step Stools Due to Risk of Serious Injury and Death from Tip-Over and Fall Hazards,Kids Furniture & Storage,"The recalled toddler towers can tip over while in use, posing a risk of serious injury and death, due to tip over and fall hazards.",Consumers should stop using the recalled tower stools immediately and store them away from children until repaired. Contact TOMY for a stabilizing repair part and installation instructions. The firm will mail the free repair parts directly to consumers.,https://www.cpsc.gov/Recalls/2026/TOMY-Recalls-Boon-PIVOT-Collapsible-Toddler-Tower-Kitchen-Step-Stools-Due-to-Risk-of-Serious-Injury-and-Death-from-Tip-Over-and-Fall-Hazards
26-628,CPSC,2026-07-16,SDADI Kitchen Step Stools Recalled Due to Risk of Serious Injury and Death from Entrapment and Fall Hazards; Imported by Yiwushi Bihe Trading,Kids Furniture & Storage,"The recalled tower stools can collapse or tip over while in use, and a child’s torso can fit through the openings on the front and back sides, posing a risk of serious injury and death due to tip over, fall and entrapment hazards.","Consumers should stop using the recalled tower stools immediately, store them away from children and contact Yiwushi Bihe Trading for a full refund.",https://www.cpsc.gov/Recalls/2026/SDADI-Kitchen-Step-Stools-Recalled-Due-to-Risk-of-Serious-Injury-and-Death-from-Entrapment-and-Fall-Hazards-Imported-by-Yiwushi-Bihe-Trading
26-609,CPSC,2026-07-09,WonderStone Infant Walkers Recalled Due to Risk of Serious Injury or Death from Fall Hazard; Violate Mandatory Standard for Infant Walkers; Sold on Walmart.com by Wonder Stone Toys,Strollers & Carriers,"The recalled infant walkers violate the mandatory standard for infant walkers because they can fit through a standard doorway and fail to stop at the edge of a step, posing a risk of serious injury or death due to a fall hazard.",Consumers should stop using the recalled infant walkers immediately and contact Wonder Stone Toys for a full refund.,https://www.cpsc.gov/Recalls/2026/WonderStone-Infant-Walkers-Recalled-Due-to-Risk-of-Serious-Injury-or-Death-from-Fall-Hazard-Violate-Mandatory-Standard-for-Infant-Walkers-Sold-on-Walmart-com-by-Wonder-Stone-Toys
26-591,CPSC,2026-07-02,Vevor Recalls Baby Loungers Due to Risk of Serious Injury or Death from Entrapment and Fall Hazards; Violate Mandatory Standard for Infant Sleep Products,Cribs & Sleep,"The recalled baby loungers violate the mandatory safety standard for infant sleep products. The sides are too low to contain an infant and the enclosed openings at the foot of the loungers are wider than allowed, posing serious risks of fall and entrapment hazards to infants.","Consumers should stop using the recalled baby loungers immediately and contact Vevor for a full refund. Consumers will be asked to remove the foam and pad from the baby lounger’s cover and cut the cover, foam and pad in half.",https://www.cpsc.gov/Recalls/2026/Vevor-Recalls-Baby-Loungers-Due-to-Risk-of-Serious-Injury-or-Death-from-Entrapment-and-Fall-Hazards-Violate-Mandatory-Standard-for-Infant-Sleep-Products
26-594,CPSC,2026-07-02,Projecting LED Finger Light Toys Recalled Due to Risk of Serious Injury or Death from Battery Ingestion; Violate Mandatory Standard for Toys; Sold on Amazon by POPOOO,Toys & Games,The recalled LED finger lights violate the mandatory safety standard for toys because they contain button cell batteries that can be easily accessed by children.,"Consumers should stop using the recalled finger lights immediately, take them away from children and contact POPOOO for a full refund.",https://www.cpsc.gov/Recalls/2026/Projecting-LED-Finger-Light-Toys-Recalled-Due-to-Risk-of-Serious-Injury-or-Death-from-Battery-Ingestion-Violate-Mandatory-Standard-for-Toys-Sold-on-Amazon-by-POPOOO
26-596,CPSC,2026-07-02,AMASKY Nursing Pillows Recalled Due to Risk of Serious Injury or Death from Suffocation; Violate Mandatory Standards for Nursing Pillows and Infant Support Cushions; Sold on Amazon by Pretty-Life,Cribs & Sleep,"The recalled nursing pillows advertised for infant feeding and tummy time violate the mandatory safety standards for nursing pillows and infant support cushions because they can obstruct an infant’s breathing, posing a serious risk of injury or death from suffocation.",Consumers should stop using the recalled nursing pillows immediately and contact Pretty-Life for a full refund. Consumers will be asked to cut the pillow in half and send a photo of the destroyed pillow to amasky@126.com.,https://www.cpsc.gov/Recalls/2026/AMASKY-Nursing-Pillows-Recalled-Due-to-Risk-of-Serious-Injury-or-Death-from-Suffocation-Violate-Mandatory-Standards-for-Nursing-Pillows-and-Infant-Support-Cushions-Sold-on-Amazon-by-Pretty-Life
26-598,CPSC,2026-07-02,Target Recalls Gigglescape™ Under the Sea Popping Toy Due to Choking Hazard,Toys & Games,"The clear plastic dome can detach from the blue plastic base, making the small plastic balls inside the toy accessible to children, posing a choking hazard.",Consumers should stop using the recalled toy immediately and return it to any Target store for a full refund or contact Target to receive a prepaid return label to return the Gigglescape Under The Sea Popping Toy by mail.,https://www.cpsc.gov/Recalls/2026/Target-Recalls-Gigglescape-Under-the-Sea-Popping-Toy-Due-to-Choking-Hazard
26-507,CPSC,2026-06-25,Kith Retail Recalls Children’s Loungewear Sets Due to Risk of Serious Injury from Burn Hazard; Violate Mandatory Standards for Children’s Sleepwear,Other Children's Products,"The recalled children’s loungewear sets violate the mandatory flammability standards for children’s sleepwear, posing a risk of serious burn injuries.",Consumers should stop using the loungewear immediately and contact Kith Retail for a full refund. Consumers will be asked to destroy the pajamas by cutting them in half and to send a photo of the destroyed pajamas to recalls@kithnyc.com then dispose of the product.,https://www.cpsc.gov/Recalls/2026/Kith-Retail-Recalls-Childrens-Loungewear-Sets-Due-to-Risk-of-Serious-Injury-from-Burn-Hazard-Violate-Mandatory-Standards-for-Childrens-Sleepwear
26-574,CPSC,2026-06-25,Yamazuki Recalls Youth All-Terrain Vehicles (ATVs) Due to Risk of Serious Injury or Death from Crash; Violate Mandatory Standard for ATVs,"Bikes, Scooters & Ride-ons","The recalled youth ATVs violate the mandatory safety standard for ATVs because they are missing brake lights, reducing visibility of the youth ATV to other vehicles, posing a deadly crash hazard.",Consumers should stop using the recalled youth ATVs immediately and contact Yamazuki for a free repair kit.,https://www.cpsc.gov/Recalls/2026/Yamazuki-Recalls-Youth-All-Terrain-Vehicles-ATVs-Due-to-Risk-of-Serious-Injury-or-Death-from-Crash-Violate-Mandatory-Standard-for-ATVs
26-577,CPSC,2026-06-25,Shield Line Recalls MedPride Baby Oil Bottles Due to Risk of Serious Injury or Death from Child Poisoning; Violate Mandatory Standard for Child-Resistant Packaging,Other Children's Products,"The baby oil contains low-viscosity hydrocarbons, which must be in child-resistant packaging, as required by the Poison Prevention Packaging Act.",Consumers should secure the baby oil out of sight and reach of children immediately and contact Shield Line for a refund. Consumers will be asked to submit a photo of the recalled product in the trash to receive a full refund.,https://www.cpsc.gov/Recalls/2026/Shield-Line-Recalls-MedPride-Baby-Oil-Bottles-Due-to-Risk-of-Serious-Injury-or-Death-from-Child-Poisoning-Violate-Mandatory-Standard-for-Child-Resistant-Packaging
26-578,CPSC,2026-06-25,Raychy Children's Light Sneakers Recalled Due to Risk of Serious Injury or Death from Battery Ingestion; Violate Mandatory Standard for Consumer Products with Coin Batteries; Imported by Carina and Rambo,Other Children's Products,"The recalled sneakers violate the mandatory standard for consumer products with button cell and coin batteries because the lithium coin batteries can be accessed easily by children, posing an ingestion hazard.",Consumers should stop using the sneakers immediately and contact Carina and Rambo for a refund.,https://www.cpsc.gov/Recalls/2026/Raychy-Childrens-Light-Sneakers-Recalled-Due-to-Risk-of-Serious-Injury-or-Death-from-Battery-Ingestion-Violate-Mandatory-Standard-for-Consumer-Products-with-Coin-Batteries-Imported-by-Carina-and-Rambo
26-579,CPSC,2026-06-25,Montessori Busy Board Toys Recalled Due to Risk of Serious Injury or Death from Magnet Ingestion; Violate Mandatory Standard for Toys; Sold on Amazon by Small Fish,Toys & Games,"The busy boards violate the mandatory safety standard for toys because magnets can detach, posing a deadly ingestion hazard. When high-powered magnets are swallowed, the ingested magnets can attract each other, or other metal objects and become lodged in the digestive system.",Consumers should stop using the recalled busy boards and immediately take them away from children. Consumers can contact Small Fish for information on how to receive a full refund.,https://www.cpsc.gov/Recalls/2026/Montessori-Busy-Board-Toys-Recalled-Due-to-Risk-of-Serious-Injury-or-Death-from-Magnet-Ingestion-Violate-Mandatory-Standard-for-Toys-Sold-on-Amazon-by-Small-Fish
26-561,CPSC,2026-06-18,BABESIDE Doll and Stroller Children’s Toys Recalled Due to Risk of Serious Injury or Death from Choking Hazard; Violate Small Parts Ban; Sold on Amazon by HYBDOLLS,Strollers & Carriers,"The recalled toys violate the small parts ban because they are intended for children under three and the small pacifier poses a deadly choking hazard to young children. In addition, the eyes on the plush bear can detach, also posing a choking hazard.","Consumers should stop using the recalled toys’ plush bear and pacifier immediately, take them away from children and contact HYBDOLLS for free replacement similar toy accessories, including shipping.",https://www.cpsc.gov/Recalls/2026/BABESIDE-Doll-and-Stroller-Childrens-Toys-Recalled-Due-to-Risk-of-Serious-Injury-or-Death-from-Choking-Hazard-Violate-Small-Parts-Ban-Sold-on-Amazon-by-HYBDOLLS
26-562,CPSC,2026-06-18,GOPO Toys Recalls Pull String Teething Toys Due to Risk of Serious Injury or Death from Choking; Violate Mandatory Standard for Toys,Feeding & High Chairs,"The recalled teething toys violate the mandatory standard for toys because the silicone strings are smaller and longer than permitted. The strings can reach the back of children’s throat and become lodged, posing a serious risk of respiratory distress and deadly choking hazard.","Consumers should stop using the teething toy immediately, take it away from children and contact GOPO Toys to receive a full refund.",https://www.cpsc.gov/Recalls/2026/GOPO-Toys-Recalls-Pull-String-Teething-Toys-Due-to-Risk-of-Serious-Injury-or-Death-from-Choking-Violate-Mandatory-Standard-for-Toys
26-568,CPSC,2026-06-18,Joolz Recalls Aer2 Car Seat Adapters for Strollers Due to Risk of Serious Injury from Fall Hazard,Car Seats,"The recalled car seat adapters can fail to properly attach to the stroller, which may allow the car seat to fall, posing a risk of serious injury from a fall hazard.","Consumers should stop using the Joolz Aer2 Car Seat Adapters immediately, detach them from the stroller and go to to register for a full refund. The firm will provide a video on how to remove the Joolz Aer2 Car Seat Adapters from the stroller.",https://www.cpsc.gov/Recalls/2026/Joolz-Recalls-Aer2-Car-Seat-Adapters-for-Strollers-Due-to-Risk-of-Serious-Injury-from-Fall-Hazard
26-569,CPSC,2026-06-18,CooCooBaby Baby Loungers Recalled Due to Risk of Serious Injury or Death from Suffocation and Fall Hazards; Violates Mandatory Standard for Infant Sleep Products,Cribs & Sleep,"The baby loungers violate the mandatory standard for Infant Sleep Products because the sides are shorter than the minimum side height limit to secure the infant; the sleeping pad’s thickness exceeds the maximum limit, posing a suffocation hazard; and an infant could fall out of an enclosed opening a…",Consumers should stop using the baby loungers immediately and contact CooCooBaby for a full refund.,https://www.cpsc.gov/Recalls/2026/CooCooBaby-Baby-Loungers-Recalled-Due-to-Risk-of-Serious-Injury-or-Death-from-Suffocation-and-Fall-Hazards-Violates-Mandatory-Standard-for-Infant-Sleep-Products
H-1137-2026,FDA,2026-06-13,NARA ORGANICS INC Recalls a.) nara organics brand; Whole Milk Organic Infant Formula; Milk-based Powder with Iron; 0-12 months; NET WT 24.7 OZ (700 G); UPC: 860013251901 b.) nara organic…,Feeding & High Chairs,Product may be contaminated with Clostridium botulinum.,FDA Class I enforcement recall; status: ongoing.,https://www.accessdata.fda.gov/scripts/ires/index.cfm?Event=99242
26-538,CPSC,2026-06-11,LiKee Pull String Teething Toys Recalled Due to Risk of Serious Injury or Death from Choking; Violate Mandatory Standard for Toys; Sold on Amazon by ChilanTech,Feeding & High Chairs,"The recalled teething toys violate the mandatory standard for toys because the silicone strings are smaller and longer than permitted. The strings can reach the back of children’s throat and become lodged, posing a serious risk of respiratory distress and deadly choking hazard.","Consumers should stop using the toy immediately, take it away from children and contact ChilanTech for free replacement toy of at least equal value, including shipping.",https://www.cpsc.gov/Recalls/2026/LiKee-Pull-String-Teething-Toys-Recalled-Due-to-Risk-of-Serious-Injury-or-Death-from-Choking-Violate-Mandatory-Standard-for-Toys-Sold-on-Amazon-by-ChilanTech
26-554,CPSC,2026-06-11,The Black Sheep Fam Recalls Children’s Pajamas Due to Risk of Serious Injury or Death from Burn Hazard; Violates Mandatory Flammability Standards for Children’s Sleepwear,Other Children's Products,"The recalled children’s pajamas violate the mandatory flammability safety standard for children’s sleepwear, posing a risk of serious burn injuries or death to children.","Consumers should stop using the pajamas immediately and contact The Black Sheep Fam for a full refund. Consumers will be asked to cut the products in half and email a photo of the destroyed garment to hello@theblacksheepfam.com, then dispose of the product.",https://www.cpsc.gov/Recalls/2026/The-Black-Sheep-Fam-Recalls-Childrens-Pajamas-Due-to-Risk-of-Serious-Injury-or-Death-from-Burn-Hazard-Violates-Mandatory-Flammability-Standards-for-Childrens-Sleepwear
26-525,CPSC,2026-06-04,Little Grape Land Recalls Nursing Pillows Due to Risk of Serious Injury or Death from Suffocation; Violate Mandatory Standards for Nursing Pillows and Infant Support Cushions,Cribs & Sleep,"The recalled nursing pillows advertised for infant feeding and tummy time violate the mandatory safety standards for nursing pillows and infant support cushions because they can obstruct an infant’s breathing, posing a serious risk of injury or death from suffocation.",Consumers should stop using the recalled nursing pillows immediately and contact Little Grape Land for a full refund. Consumers will be asked to cut the pillow in half and send a photo of the destroyed pillow to recall@evermorepartner.com.,https://www.cpsc.gov/Recalls/2026/Little-Grape-Land-Recalls-Nursing-Pillows-Due-to-Risk-of-Serious-Injury-or-Death-from-Suffocation-Violate-Mandatory-Standards-for-Nursing-Pillows-and-Infant-Support-Cushions
26-530,CPSC,2026-06-04,TOMY Recalls Boon NURSH 8 oz Reusable Baby Bottles Due to Choking Hazard; Sold at Walmart,Feeding & High Chairs,"The hard plastic outer shell can bubble or partially peel off, resulting in loose pieces of film-like plastic that pose a choking hazard to young children.",Consumers should stop using the recalled baby bottles immediately and contact TOMY to receive a refund in the form of a $22 booninc.com store credit or a replacement set of three bottles in a different color.,https://www.cpsc.gov/Recalls/2026/TOMY-Recalls-Boon-NURSH-8-oz-Reusable-Baby-Bottles-Due-to-Choking-Hazard-Sold-at-Walmart
26-508,CPSC,2026-05-28,MiniWarGaming and Primal Horizon Disc Magnets Recalled Due to Risk of Serious Injury or Death from Ingestion; Violate Mandatory Standard for Magnets; Imported by MiniWarGaming,Toys & Games,"The magnets violate the mandatory safety standard for magnets because the high-powered magnets fit within CPSC’s small parts cylinder and are stronger than permitted, posing a deadly ingestion hazard to children.",Consumers should stop using the magnets immediately and contact MiniWarGaming for instructions on how to obtain a prepaid shipping label and return the products for a full refund.,https://www.cpsc.gov/Recalls/2026/MiniWarGaming-and-Primal-Horizon-Disc-Magnets-Recalled-Due-to-Risk-of-Serious-Injury-or-Death-from-Ingestion-Violate-Mandatory-Standard-for-Magnets-Imported-by-MiniWarGaming
26-509,CPSC,2026-05-28,Daoen Recalls Zen Magnetic Promotional Ball Sets Due to Risk of Serious Injury or Death from Magnet Ingestion; Violate Mandatory Standard for Toys,Toys & Games,"The recalled magnetic balls violate the mandatory standard for toys because they are loose high-powered magnets, posing an ingestion hazard to children. When high-powered magnets are swallowed, they can attract each other, or other metal objects, and become lodged in the digestive system.","Consumers should stop using the recalled magnet ball toys immediately, take them away from children and dispose of them.",https://www.cpsc.gov/Recalls/2026/Daoen-Recalls-Zen-Magnetic-Promotional-Ball-Sets-Due-to-Risk-of-Serious-Injury-or-Death-from-Magnet-Ingestion-Violate-Mandatory-Standard-for-Toys
26-514,CPSC,2026-05-28,Missry Associates Recalls Misco Sports Light-Up Racket Sets Due to Risk of Serious Injury or Death from Battery Ingestion; Violate Mandatory Standard for Toys,Toys & Games,"The racket sets violate the mandatory standard for toys because the screw on the racket used to secure the battery compartment does not remain attached when opened, and the button cell batteries in the shuttlecock can be easily accessed by children.","Consumers should stop using the racket set immediately, take the shuttlecock away from children and contact Missry Associates for a full refund. Consumers will be asked to dispose of the racket set with the shuttlecock in the trash and send a photo of the set in the trash to toys@misco.us.",https://www.cpsc.gov/Recalls/2026/Missry-Associates-Recalls-Misco-Sports-Light-Up-Racket-Sets-Due-to-Risk-of-Serious-Injury-or-Death-from-Battery-Ingestion-Violate-Mandatory-Standard-for-Toys
26-515,CPSC,2026-05-28,Luminous Fidget Spinner Balls Recalled Due to Risk of Serious Injury or Death from Battery Ingestion; Violates Mandatory Standard for Toys; Sold on Amazon by Anzmtosn,Toys & Games,The recalled toys violate the mandatory safety standard for toys because the mini flashlight included with the fidget spinner balls contains button cell batteries that can be easily accessed by children.,"Consumers should take the Luminous Fidget Spinner Ball’s mini flashlight away from children, stop using them immediately and contact Anzmtosn for a full refund.",https://www.cpsc.gov/Recalls/2026/Luminous-Fidget-Spinner-Balls-Recalled-Due-to-Risk-of-Serious-Injury-or-Death-from-Battery-Ingestion-Violates-Mandatory-Standard-for-Toys-Sold-on-Amazon-by-Anzmtosn
26-497,CPSC,2026-05-21,ABC Trading Recalls Children’s Toys Due to Risk of Serious Injury or Death from Battery Ingestion; Violates Mandatory Standard for Toys,Toys & Games,"The recalled children’s toys violate the mandatory standard for toys because they contain button cell batteries and the compartments that hold the batteries can be easily accessed by children, posing a deadly ingestion hazard to children.",Consumers should stop using the children’s toys immediately and contact ABC Trading for a refund. Consumers will be asked to take a photo of the disposed products in the trash and email the photo to recallabc@gmail.com to receive a full refund of the retail price.,https://www.cpsc.gov/Recalls/2026/ABC-Trading-Recalls-Childrens-Toys-Due-to-Risk-of-Serious-Injury-or-Death-from-Battery-Ingestion-Violates-Mandatory-Standard-for-Toys
26-499,CPSC,2026-05-21,Orb Funkee Squeeze Toys Recalled Due to Risk of Serious Injury or Death from Asbestos Exposure; Imported by The Orb Factory,Toys & Games,"The recalled Orb Funkee squeeze toys may contain fibrous tremolite (asbestos) in the sand, which can cause adverse health issues if inhaled.","Consumers should take the recalled toys away from children, stop using them immediately and contact The Orb Factory for a refund.",https://www.cpsc.gov/Recalls/2026/Orb-Funkee-Squeeze-Toys-Recalled-Due-to-Risk-of-Serious-Injury-or-Death-from-Asbestos-Exposure-Imported-by-The-Orb-Factory
26-501,CPSC,2026-05-21,Lil Pick Up Recalls Youth All-Terrain Vehicles (ATVs) Due to Risk of Serious Injury or Death from Crash and Burn Hazards; Violates Mandatory Standard for ATVs,"Bikes, Scooters & Ride-ons","The recalled youth ATVs violate the federal mandatory ATV safety standard, posing a risk of serious injury or death. The youth ATVs fail to meet mechanical suspension requirements, and the reverse indicator light fails to illuminate, posing a crash hazard.","Consumers should stop using the recalled youth ATVs immediately and contact Lil Pick Up for a full refund. Consumers will be asked to go to to register for the recall and receive instructions on how to return the recalled ATVs, which includes free ATV pick up and transportation.",https://www.cpsc.gov/Recalls/2026/Lil-Pick-Up-Recalls-Youth-All-Terrain-Vehicles-ATVs-Due-to-Risk-of-Serious-Injury-or-Death-from-Crash-and-Burn-Hazards-Violates-Mandatory-Standard-for-ATVs
26-502,CPSC,2026-05-21,PandaEar Recalls Portable Hook-On Chairs Due to Risk of Serious Injury or Death from Fall Hazard; Violates Mandatory Standard for Portable Hook-On Chairs,Feeding & High Chairs,"The recalled portable hook-on chairs violate the mandatory standard for portable hook-on chairs because the crotch restraints can be removed without the use of a tool and infants can fall through an opening, posing a deadly fall hazard.",Consumers should stop using the recalled portable hook-on chairs immediately and contact PandaEar to receive a full refund.,https://www.cpsc.gov/Recalls/2026/PandaEar-Recalls-Portable-Hook-On-Chairs-Due-to-Risk-of-Serious-Injury-or-Death-from-Fall-Hazard-Violates-Mandatory-Standard-for-Portable-Hook-On-Chairs
26-481,CPSC,2026-05-14,Tiyol Pull String Teething Toys Recalled Due to Risk of Serious Injury or Death from Choking; Violates Mandatory Standard for Toys; Sold on Amazon by ZW Creations,Feeding & High Chairs,"The recalled teething toys violate the mandatory standard for toys because the silicone strings are smaller and longer than permitted. The silicone strings can reach the back of the throat and become lodged, posing a risk of respiratory distress and becoming a deadly choking hazard.","Consumers should stop using the toy immediately, take it away from children and contact ZW Creations for a free replacement.",https://www.cpsc.gov/Recalls/2026/Tiyol-Pull-String-Teething-Toys-Recalled-Due-to-Risk-of-Serious-Injury-or-Death-from-Choking-Violates-Mandatory-Standard-for-Toys-Sold-on-Amazon-by-ZW-Creations
26-483,CPSC,2026-05-14,Missry Associates Recalls Misco Sports Badminton Toy Sets Due to Risk of Serious Injury or Death from Battery Ingestion; Violates Mandatory Standard for Toys,Toys & Games,The Misco Sports Badminton Toy Sets violate the safety standard for children’s toys because the shuttlecocks contain button cell batteries that can be easily accessed by children.,"Consumers should stop using the badminton toy set immediately, take the shuttlecock away from children and contact Missry Associates for a full refund. Consumers will be asked to dispose of the badminton toy set with the shuttlecock (number MT2383) in the trash and send the photo to help@misco.us.",https://www.cpsc.gov/Recalls/2026/Missry-Associates-Recalls-Misco-Sports-Badminton-Toy-Sets-Due-to-Risk-of-Serious-Injury-or-Death-from-Battery-Ingestion-Violates-Mandatory-Standard-for-Toys
26-490,CPSC,2026-05-14,Guidecraft Children’s Standing Towers Recalled Due to Risk of Serious Injury from Fall Hazard,Kids Furniture & Storage,"The platform inside the recalled tower can loosen over time, causing it to become unstable or detach, and ultimately posing a fall hazard to young children.",Consumers should stop using the recalled towers immediately and contact Guidecraft for free repair parts and installation instructions.,https://www.cpsc.gov/Recalls/2026/Guidecraft-Childrens-Standing-Towers-Recalled-Due-to-Risk-of-Serious-Injury-from-Fall-Hazard
26-466,CPSC,2026-05-07,ZMC Group Recalls Multiple Light Up Toys Due to Risk of Serious Injury or Death from Battery Ingestion; Violate Mandatory Standard for Toys,Toys & Games,The recalled toys violate the mandatory safety standard for children’s toys because the toy contains button cell batteries that can be easily accessed by children.,"Consumers should stop using the toys immediately, take them away from children and contact ZMC Group for a full refund.",https://www.cpsc.gov/Recalls/2026/ZMC-Group-Recalls-Multiple-Light-Up-Toys-Due-to-Risk-of-Serious-Injury-or-Death-from-Battery-Ingestion-Violate-Mandatory-Standard-for-Toys
26-472,CPSC,2026-05-07,Rainbow Wall Toys Recalled Due to Risk of Serious Injury or Death from Choking Hazard; Violate Mandatory Standard for Children’s Toys; Sold on Amazon by Justforjoyful,Toys & Games,The recalled toys violate the mandatory safety standard for children’s toys because the drumstick that is attached to the xylophone component has a spherical end that can pose a choking hazard.,"Consumers should stop using the recalled toys immediately, take them away from children and contact Justforjoyful for a full refund.",https://www.cpsc.gov/Recalls/2026/Rainbow-Wall-Toys-Recalled-Due-to-Risk-of-Serious-Injury-or-Death-from-Choking-Hazard-Violate-Mandatory-Standard-for-Childrens-Toys-Sold-on-Amazon-by-Justforjoyful
26-477,CPSC,2026-05-07,Allura Imports Recalls Youth Sweatshirts with Bobcat Logo and Drawstrings Due to Risk of Serious Injury or Death from Strangulation Hazard; Violates Federal Regulations for Children’s Upper Outerwear,Children's Clothing & Accessories,The drawstrings in the recalled clothing can get caught on objects and cause death or serious injury to children from strangulation. The sweatshirts are in violation of the federal regulations for children’s upper outerwear and present a substantial product hazard.,"Consumers should take the recalled clothing away from children immediately, remove the drawstrings to eliminate the hazard and contact Allura Imports for a full refund.",https://www.cpsc.gov/Recalls/2026/Allura-Imports-Recalls-Youth-Sweatshirts-with-Bobcat-Logo-and-Drawstrings-Due-to-Risk-of-Serious-Injury-or-Death-from-Strangulation-Hazard-Violates-Federal-Regulations-for-Childrens-Upper-Outerwear
H-0891-2026,FDA,2026-05-01,The a2 Milk Company Recalls a2 Platinum Premium infant formula Milk-based Powder with Iron 31.7oz (900g) Intended use: infant formula (0 12 months).,Feeding & High Chairs,Possible contamination with Cereulide toxin.,FDA Class I enforcement recall; status: terminated.,https://www.accessdata.fda.gov/scripts/ires/index.cfm?Event=98887
26-456,CPSC,2026-04-30,CBC Group Recalls Stephan Baby Boo Bunnie and Friends Children’s Toys Due to Risk of Serious Injury from Choking and Laceration Hazards,Toys & Games,"The toys’ plastic cube can break into small parts or sharp edges, posing a risk of serious injury from choking and laceration hazards.",Consumers should immediately stop using the recalled toys’ plastic cube and take it away from children. Consumers should contact Stephan Baby for a refund or store credit. Consumers with proof of purchase will receive a full refund.,https://www.cpsc.gov/Recalls/2026/CBC-Group-Recalls-Stephan-Baby-Boo-Bunnie-and-Friends-Childrens-Toys-Due-to-Risk-of-Serious-Injury-from-Choking-and-Laceration-Hazards
26-434,CPSC,2026-04-23,Autobrush Recalls Sonic Pro Children’s Toothbrush Boxes Due to Risk of Serious Injury or Death from Battery Ingestion; Violates Mandatory Standard for Consumer Products with Coin Batteries,Bath & Potty,"The recalled delivery boxes violate the mandatory standard for consumer products containing button cell and coin batteries because they contain a lithium coin battery that can be easily accessed by children, posing an ingestion hazard.","Consumers should stop using the boxes for the toothbrushes immediately, take them away from children and contact Autobrush for a $5 refund in the form of store credit.",https://www.cpsc.gov/Recalls/2026/Autobrush-Recalls-Sonic-Pro-Childrens-Toothbrush-Boxes-Due-to-Risk-of-Serious-Injury-or-Death-from-Battery-Ingestion-Violates-Mandatory-Standard-for-Consumer-Products-with-Coin-Batteries
26-436,CPSC,2026-04-23,Magnetic Stick Figure Sets Recalled Due to Risk of Serious Injury or Death from Magnet Ingestion; Violate Mandatory Standard for Toys; Sold on Walmart by BlissfulDestiny,Toys & Games,"The magnetic stick figures violate the mandatory standard for toys because they contain loose magnets posing an ingestion hazard to children. When high-powered magnets are swallowed, the ingested magnets can attract each other, or other metal objects and become lodged in the digestive system.",Consumers should stop using the recalled magnetic stick figures immediately and take them away from children. Contact BlissfulDestiny for information on how to receive a full refund.,https://www.cpsc.gov/Recalls/2026/Magnetic-Stick-Figure-Sets-Recalled-Due-to-Risk-of-Serious-Injury-or-Death-from-Magnet-Ingestion-Violate-Mandatory-Standard-for-Toys-Sold-on-Walmart-by-BlissfulDestiny
26-437,CPSC,2026-04-23,HappyGira Recalls Sweetie Baby and Style Life Eleven Baby Loungers Due to Risk of Serious Injury or Death from Suffocation and Fall Hazards; Violates Mandatory Standard for Infant Sleep Products,Cribs & Sleep,"The baby loungers violate the mandatory standard for infant sleep products because the sides are shorter than the minimum side height limit to secure the infant and they do not have a stand, posing a fall hazard.",Consumers should stop using the baby loungers immediately and contact HappyGira for a full refund.,https://www.cpsc.gov/Recalls/2026/HappyGira-Recalls-Sweetie-Baby-and-Style-Life-Eleven-Baby-Loungers-Due-to-Risk-of-Serious-Injury-or-Death-from-Suffocation-and-Fall-Hazards-Violates-Mandatory-Standard-for-Infant-Sleep-Products
26-438,CPSC,2026-04-23,Cpzzkq Baby Loungers Recalled Due to Risk of Serious Injury or Death from Suffocation Hazard; Violates Mandatory Standard for Infant Support Cushions; Sold on Amazon by CetoPMax,Cribs & Sleep,"The recalled baby loungers violate the mandatory safety standard for infant support cushions because the padding can obstruct an infant’s breathing, posing a serious risk of injury or deadly suffocation hazard.","Consumers should stop using the baby loungers immediately and contact CetoPMax for a refund. Consumers will be asked to remove the foam and pad from the baby lounger’s cover and cut the cover, foam and pad in half.",https://www.cpsc.gov/Recalls/2026/Cpzzkq-Baby-Loungers-Recalled-Due-to-Risk-of-Serious-Injury-or-Death-from-Suffocation-Hazard-Violates-Mandatory-Standard-for-Infant-Support-Cushions-Sold-on-Amazon-by-CetoPMax
26-439,CPSC,2026-04-23,Lil Pick Up Recalls Youth All-Terrain Vehicles (ATVs) Due to Risk of Serious Injury or Death from Crash and Burn Hazards; Violates Mandatory Standard for ATVs; One Death Reported,"Bikes, Scooters & Ride-ons",The recalled youth ATVs fail to comply with the requirements of the federal mandatory ATV safety standard posing a risk of serious injury or death.,"Consumers should stop using the recalled youth ATVs immediately and contact Lil Pick Up for a full refund. Consumers should go to to register for the recall and receive instructions on how to return the recalled ATVs, which includes free ATV pick up and transportation.",https://www.cpsc.gov/Recalls/2026/Lil-Pick-Up-Recalls-Youth-All-Terrain-Vehicles-ATVs-Due-to-Risk-of-Serious-Injury-or-Death-from-Crash-and-Burn-Hazards-Violates-Mandatory-Standard-for-ATVs-One-Death-Reported
26-440,CPSC,2026-04-23,KMUYSL Big Red Barn Farm Animal Playsets Recalled Due to Risk of Serious Injury or Death from Choking; Violates Small Parts Ban; Sold on Amazon by MISSJUNE,Toys & Games,"The recalled children’s toys violate the small parts ban because the toy is intended for children under three years of age and the fence handles can detach from the toy, posing a deadly choking hazard.","Consumers should stop using the recalled toys immediately, take them away from children and contact MISSJUNE for a full refund.",https://www.cpsc.gov/Recalls/2026/KMUYSL-Big-Red-Barn-Farm-Animal-Playsets-Recalled-Due-to-Risk-of-Serious-Injury-or-Death-from-Choking-Violates-Small-Parts-Ban-Sold-on-Amazon-by-MISSJUNE
26-408,CPSC,2026-04-16,Sanlebi Pet Vet Playsets Recalled Due to Risk of Serious Injury or Death from Battery Ingestion; Violates Mandatory Standard for Toys; Sold on Amazon by Letokids,Toys & Games,The Pet Vet Playset violates the mandatory standard for toys because the button cell batteries in the nail grinder and otoscope can be easily accessed by children.,"Consumers should take away the nail grinder and otoscope from children immediately, stop using them and remove and properly dispose of the batteries.",https://www.cpsc.gov/Recalls/2026/Sanlebi-Pet-Vet-Playsets-Recalled-Due-to-Risk-of-Serious-Injury-or-Death-from-Battery-Ingestion-Violates-Mandatory-Standard-for-Toys-Sold-on-Amazon-by-Letokids
26-411,CPSC,2026-04-16,ATOYUS Children’s Activity Cubes Recalled Due to Risk of Serious Injury or Death from Choking Hazard; Violate Small Parts Ban and Mandatory Standard for Toys; Sold on Amazon by Melofaver US,Toys & Games,The recalled toys violate the small parts ban because the toys are intended for children under three and the toys’ xylophone screws and clock hands can detach.,"Consumers should immediately stop using the recalled toys, take them away from children and contact Melofaver US for a full refund.",https://www.cpsc.gov/Recalls/2026/ATOYUS-Childrens-Activity-Cubes-Recalled-Due-to-Risk-of-Serious-Injury-or-Death-from-Choking-Hazard-Violate-Small-Parts-Ban-and-Mandatory-Standard-for-Toys-Sold-on-Amazon-by-Melofaver-US
26-414,CPSC,2026-04-16,Mini Round Toddler Trampolines Recalled Due to Strangulation Hazard; Risk of Serious Injury or Death; Manufactured by SEGMART,Toys & Games,"Young children can become entangled in the straps of the hammock, punching bag and hand ring accessories, posing a strangulation hazard, which can result in serious injury or death.","Consumers should remove the hammock, punching bag, hand ring and basketball board accessories immediately before continuing to use the trampoline. SEGMART will provide a $30 refund to consumers who remove and destroy the hammock, punching bag, hand ring and basketball board accessories.",https://www.cpsc.gov/Recalls/2026/Mini-Round-Toddler-Trampolines-Recalled-Due-to-Strangulation-Hazard-Risk-of-Serious-Injury-or-Death-Manufactured-by-SEGMART
26-424,CPSC,2026-04-16,ZMC Group Recalls LED Finger Beam Lights Due to Risk of Serious Injury or Death from Battery Ingestion; Violates Mandatory Standard for Toys,Toys & Games,"The recalled toys violate the safety standard for children’s toys because the toy contains button cell batteries that can be easily accessed by children. If button cell or coin batteries are swallowed, the ingested batteries can cause serious injuries, including internal chemical burns, and death.","Consumers should take the LED Finger Beam Lights away from children, stop using them immediately and contact ZMC Group for full refund or a replacement product. Consumers should remove the batteries, break each component in half and submit a photo of the destroyed pieces to recallzmctoy@gmail.com.",https://www.cpsc.gov/Recalls/2026/ZMC-Group-Recalls-LED-Finger-Beam-Lights-Due-to-Risk-of-Serious-Injury-or-Death-from-Battery-Ingestion-Violates-Mandatory-Standard-for-Toys
26-427,CPSC,2026-04-16,Montessori Toy Sets Recalled Due to Risk of Serious Injury or Death from Choking Hazard; Violate Mandatory Standard for Teething Toys; Sold on Amazon by SpringFlower,Feeding & High Chairs,The Montessori toy sets contain an airplane shaped teething toy that has tentacle ends that can pose a choking hazard to young children. The toys also violate the teething toy provision of the mandatory standard for toys.,Consumers should stop using the Montessori toy sets immediately and take them away from children and contact SpringFlower for a free replacement part or a refund.,https://www.cpsc.gov/Recalls/2026/Montessori-Toy-Sets-Recalled-Due-to-Risk-of-Serious-Injury-or-Death-from-Choking-Hazard-Violate-Mandatory-Standard-for-Teething-Toys-Sold-on-Amazon-by-SpringFlower
26-428,CPSC,2026-04-16,JC Sales Recalls Lil' Buddies Pet Laser Toys Due to Risk of Serious Injury or Death from Battery Ingestion Hazard; Violates Mandatory Standard for Consumer Products with Button Cell Batteries,Toys & Games,"The recalled pet toys violate the mandatory standard for consumer products with button cell and coin batteries because the battery compartment is not secure, making the button cell batteries easily accessible to children, posing a deadly ingestion hazard.","Consumers should stop using the recalled pet toys, place them in an area that children cannot access and properly dispose of the batteries. Contact JC Sales for a full refund. Customers will be asked to email a photograph of the disposed items to Recall@jcsales.net.",https://www.cpsc.gov/Recalls/2026/JC-Sales-Recalls-Lil-Buddies-Pet-Laser-Toys-Due-to-Risk-of-Serious-Injury-or-Death-from-Battery-Ingestion-Hazard-Violates-Mandatory-Standard-for-Consumer-Products-with-Button-Cell-Batteries
26C003000,NHTSA,2026-04-03,"Graco Children's Products, Inc. Recalls Child Restraints: Child Seat May Detach from Base/FMVSS 213",Car Seats,An infant seat carrier that detaches in a crash increases the risk of injury.,"Owners are advised to follow the instructions for installing the child seat with the vehicle seat belt (without the base) until the replacement seat arrives. Graco will replace the child seat, free of charge. Owner notification letters were mailed May 22, 2026.",https://www.nhtsa.gov/recalls?nhtsaId=26C003000
26-365,CPSC,2026-04-02,Children’s Toys Recalled Due to Risk of Serious Injury or Death from Choking Hazard; Violates the Small Ball Ban; Sold on Amazon by Beestech,Toys & Games,"The recalled spiral tower toy sets violate the standard for toys because they contain small balls and are intended for children under three years of age, posing a deadly choking hazard.",Consumers should take the toys away from children immediately and contact Beestech for a full refund. Consumers will be asked to write “Recalled” with permanent marker on the toy and send a photo of the marked toy to beestechballtowerrecall@hotmail.com.,https://www.cpsc.gov/Recalls/2026/Childrens-Toys-Recalled-Due-to-Risk-of-Serious-Injury-or-Death-from-Choking-Hazard-Violates-the-Small-Ball-Ban-Sold-on-Amazon-by-Beestech
26-368,CPSC,2026-04-02,Gavoyeat Halloween Light-Up Rings Recalled Due to Risk of Serious Injury or Death from Battery Ingestion Hazard; Violates Mandatory Standard for Toys; Sold on Amazon by CSZWEICD,Toys & Games,The recalled light-up rings violate the mandatory safety standard for toys because the battery compartment within the LED light ring contains button cell batteries that can be easily accessed by children.,"Consumers should take the recalled light-up rings from children, stop using the recalled toys immediately and remove and properly dispose of the batteries. Consumers will be asked to throw away the light-up rings and send a photo of the disposed product to recalledgavoyeat@yeah.net.",https://www.cpsc.gov/Recalls/2026/Gavoyeat-Halloween-Light-Up-Rings-Recalled-Due-to-Risk-of-Serious-Injury-or-Death-from-Battery-Ingestion-Hazard-Violates-Mandatory-Standard-for-Toys-Sold-on-Amazon-by-CSZWEICD
26-369,CPSC,2026-04-02,Coluans Christmas Light-Up Rings Recalled Due to Risk of Serious Injury or Death from Battery Ingestion Hazard; Violates Mandatory Standard for Toys; Sold on Amazon by BUDI Official,Toys & Games,The recalled light-up rings violate the mandatory safety standard for toys because the battery compartment within the LED light ring contains button cell batteries that can be easily accessed by children.,"Consumers should take the recalled light-up rings away from children, stop using them immediately and remove and properly dispose of the batteries. Consumers will be asked to throw away the light-up rings and send a photo of the disposed product to BUDIrecall@outlook.com for a full refund.",https://www.cpsc.gov/Recalls/2026/Coluans-Christmas-Light-Up-Rings-Recalled-Due-to-Risk-of-Serious-Injury-or-Death-from-Battery-Ingestion-Hazard-Violates-Mandatory-Standard-for-Toys-Sold-on-Amazon-by-BUDI-Official
26-342,CPSC,2026-03-26,AirClub Convertible Bassinets Recalled Due to Risk of Serious Injury or Death from Fall Hazard; Violates Mandatory Standard for Bedside Sleepers,Cribs & Sleep,"The recalled convertible bassinets violate the mandatory standard for sleepers because the mechanism used to attach the product to the adult bed creates an opening between the bedside sleeper and mattress, posing a deadly fall hazard to infants.",Consumers should stop using the recalled AirClub convertible bassinets immediately and contact AirClub for a replacement attachment mechanism.,https://www.cpsc.gov/Recalls/2026/AirClub-Convertible-Bassinets-Recalled-Due-to-Risk-of-Serious-Injury-or-Death-from-Fall-Hazard-Violates-Mandatory-Standard-for-Bedside-Sleepers
26-345,CPSC,2026-03-26,GLMZZ Fidget Magnet Ball Toys Recalled Due to Risk of Serious Injury or Death from Magnet Ingestion; Violates Mandatory Standard for Toys,Toys & Games,"The magnet ball toys violate the standard for toys because they are high-powered magnets, posing an ingestion hazard to children. When high-powered magnets are swallowed, they can attract each other, or other metal objects, and become lodged in the digestive system.","Consumers should stop using the recalled magnet ball toys immediately, take them away from children, and contact GLMZZ to receive a full refund. Consumers will be asked to throw the magnet ball toys away and email photo of the disposal to GLMZZrecall@outlook.com.",https://www.cpsc.gov/Recalls/2026/GLMZZ-Fidget-Magnet-Ball-Toys-Recalled-Due-to-Risk-of-Serious-Injury-or-Death-from-Magnet-Ingestion-Violates-Mandatory-Standard-for-Toys
26-332,CPSC,2026-03-19,Infant Walkers Recalled Due to Risk of Serious Injury or Death from Fall Hazard; Violate Mandatory Standard for Infant Walkers; Sold on Amazon by Goregent Official Store,Strollers & Carriers,"The recalled infant walkers violate the mandatory standard for walkers because they can fit through a standard doorway and fail to stop at the edge of a step, posing a risk of serious injury or death due to a fall hazard.",Consumers should immediately stop using the recalled infant walkers and contact Goregent Official Store for a full refund.,https://www.cpsc.gov/Recalls/2026/Infant-Walkers-Recalled-Due-to-Risk-of-Serious-Injury-or-Death-from-Fall-Hazard-Violate-Mandatory-Standard-for-Infant-Walkers-Sold-on-Amazon-by-Goregent-Official-Store
26-319,CPSC,2026-03-12,Stoney Games Recalls Kluster Magnet Chess Games Due to Risk of Serious Injury or Death from Magnet Ingestion; Violates Mandatory Standard for Toys,Toys & Games,"The recalled magnet games violate the mandatory standard for toys because they contain loose high-powered magnets that fit within CPSC’s small parts cylinder, posing an ingestion hazard to children.","Consumers should immediately stop using the recalled magnet games, take them away from children and contact Stoney Games for instructions on how to dispose of the recalled magnets and receive replacement magnets that are not small parts.",https://www.cpsc.gov/Recalls/2026/Stoney-Games-Recalls-Kluster-Magnet-Chess-Games-Due-to-Risk-of-Serious-Injury-or-Death-from-Magnet-Ingestion-Violates-Mandatory-Standard-for-Toys
26-309,CPSC,2026-03-05,Unique Brands Com Recalls Forever 21 Pajama Pants Due to Risk of Serious Injury or Death from Burn Hazard; Violates Mandatory Flammability Standards for Children’s Sleepwear,Other Children's Products,"The recalled children’s pajama pants violate the mandatory standards for flammability of children’s sleepwear, posing a burn hazard and risk of serious injury or death to children.",Consumers should stop using the recalled pajama pants immediately and contact Unique Brands Com for a full refund. Consumers will be provided with a prepaid shipping label to return the recalled kids pajama pants.,https://www.cpsc.gov/Recalls/2026/Unique-Brands-Com-Recalls-Forever-21-Pajama-Pants-Due-to-Risk-of-Serious-Injury-or-Death-from-Burn-Hazard-Violates-Mandatory-Flammability-Standards-for-Childrens-Sleepwear
26-315,CPSC,2026-03-05,HALO Dream Recalls Magic Sleepsuits Due to Choking Hazard,Cribs & Sleep,"The zipper head can detach from certain sleepsuits, posing a choking hazard to infants.",Consumers should stop using the recalled HALO Magic Sleepsuit immediately and go to the firm’s website at to participate in the recall.,https://www.cpsc.gov/Recalls/2026/HALO-Dream-Recalls-Magic-Sleepsuits-Due-to-Choking-Hazard
26-317,CPSC,2026-03-05,Cubimana Island Storm 3 In 1 Building Sets Recalled Due to Risk of Serious Injury or Death from Battery Ingestion; Violates Mandatory Standard for Toys; Sold on Amazon by RBS Toys,Toys & Games,The Island Storm Building Sets violate the mandatory safety standard for toys because the battery compartment within the LED light piece contains button cell batteries that can be easily accessed by children.,"Consumers should take the Island Storm 3 In 1 Building Sets away from children immediately, stop using the recalled toys and remove and properly dispose of the batteries.",https://www.cpsc.gov/Recalls/2026/Cubimana-Island-Storm-3-In-1-Building-Sets-Recalled-Due-to-Risk-of-Serious-Injury-or-Death-from-Battery-Ingestion-Violates-Mandatory-Standard-for-Toys-Sold-on-Amazon-by-RBS-Toys
26-264,CPSC,2026-02-26,Sanven Technology Recalls Vevor Baby Gates Due to Risk of Serious Injury from Entrapment Hazard; Violates Mandatory Standard for Gates and Enclosures,Kids Furniture & Storage,"The recalled gates violate the mandatory standard for gates and expandable enclosures because a child’s torso can fit through the opening between the gate and the floor, posing a risk of serious injury due to entrapment.",Consumers should stop using the recalled gates immediately and contact Sanven Technology for a full refund. Consumers should destroy the gate by cutting through the mesh and send a photo of the destroyed gate to recalling@vevor.com.,https://www.cpsc.gov/Recalls/2026/Sanven-Technology-Recalls-Vevor-Baby-Gates-Due-to-Risk-of-Serious-Injury-from-Entrapment-Hazard-Violates-Mandatory-Standard-for-Gates-and-Enclosures
26-288,CPSC,2026-02-26,Trankerloop Baby Bath Seats Recalled Due to Risk of Serious Injury or Death to Children from Drowning; Violates Mandatory Standard for Infant Bath Seats,Bath & Potty,"The recalled bath seats violate the mandatory standard for bath seats because they are unstable and can tip over while in use, posing a risk of serious injury or death due to drowning.",Consumers should immediately stop using the recalled bath seats and contact Trankerloop for a full refund.,https://www.cpsc.gov/Recalls/2026/Trankerloop-Baby-Bath-Seats-Recalled-Due-to-Risk-of-Serious-Injury-or-Death-to-Children-from-Drowning-Violates-Mandatory-Standard-for-Infant-Bath-Seats
26-289,CPSC,2026-02-26,Magnetic Chess Games Recalled Due to Risk of Serious Injury or Death from Magnet Ingestion; Violates Mandatory Standard for Toys; Sold on Amazon by Kaiwenshangpin,Toys & Games,"The recalled magnetic chess games violate the standard for toys because they contain loose magnets posing an ingestion hazard to children. When high-powered magnets are swallowed, the ingested magnets can attract each other, or other metal objects, and become lodged in the digestive system.","Consumers should stop using the recalled magnetic chess games immediately, take them away from children, and dispose of them. To receive a full refund, consumers will be asked to email a photo of the disposal to Kaiwenshangpinrecall@outlook.com.",https://www.cpsc.gov/Recalls/2026/Magnetic-Chess-Games-Recalled-Due-to-Risk-of-Serious-Injury-or-Death-from-Magnet-Ingestion-Violates-Mandatory-Standard-for-Toys-Sold-on-Amazon-by-Kaiwenshangpin
26-290,CPSC,2026-02-26,Bicystar High Chairs Recalled Due to Risk of Serious Injury or Death from Fall and Entrapment Hazards; Violates Mandatory Standard for High Chairs,Feeding & High Chairs,"The high chairs violate the mandatory standard for chairs because they were sold without the required attached crotch restraint, posing a deadly fall hazard for children.",Consumers should immediately stop using the recalled high chairs and contact Bicystar Store for a full refund.,https://www.cpsc.gov/Recalls/2026/Bicystar-High-Chairs-Recalled-Due-to-Risk-of-Serious-Injury-or-Death-from-Fall-and-Entrapment-Hazards-Violates-Mandatory-Standard-for-High-Chairs
26-291,CPSC,2026-02-26,Grtard Magnetic Stick Figure Toy Sets Recalled Due to Risk of Serious Injury or Death from Magnet Ingestion; Violates Mandatory Standard for Toys,Toys & Games,"The magnetic stick figure toy sets violate mandatory standard for toys because they contain loose magnets, posing an ingestion hazard to children. When high-powered magnets are swallowed, the ingested magnets can attract each other, or other metal objects, and become lodged in the digestive system.",Consumers should immediately stop using the recalled magnetic stick figures and take them away from children. Contact Grtard for information on how to receive a full refund. Consumers will be asked to email a photo of the disposed product to Grtardrecall@outlook.com.,https://www.cpsc.gov/Recalls/2026/Grtard-Magnetic-Stick-Figure-Toy-Sets-Recalled-Due-to-Risk-of-Serious-Injury-or-Death-from-Magnet-Ingestion-Violates-Mandatory-Standard-for-Toys
26-296,CPSC,2026-02-26,TheKiddoSpace Recalls Children’s Flashcard Talking Toys Due to Risk of Injury from Lead and Phthalate Exposure; Violates Federal Lead Content and Phthalates Bans and Standard for Toys,Toys & Games,The recalled children’s flashcard toy sets contain levels of lead that exceed the federal lead content ban and levels of phthalates that exceed the federal phthalates ban. Lead and phthalates are toxic if ingested by young children and can cause adverse health issues.,"Consumers should stop using the recalled toys immediately, take them away from children and contact TheKiddoSpace for a free replacement toy or free USB cable, including shipping.",https://www.cpsc.gov/Recalls/2026/TheKiddoSpace-Recalls-Childrens-Flashcard-Talking-Toys-Due-to-Risk-of-Injury-from-Lead-and-Phthalate-Exposure-Violates-Federal-Lead-Content-and-Phthalates-Bans-and-Standard-for-Toys
26-297,CPSC,2026-02-26,TheKiddoSpace Recalls Children’s Montessori Egg Puzzle Toys Due to Risk of Serious Injury or Death from Choking Hazard,Toys & Games,"The recalled toys are intended for children under three years of age and the eggs can block a child’s airway, posing a risk of choking and death to children.","Consumers should stop using the recalled toys immediately, take them away from children and contact TheKiddoSpace for a full refund. Consumers will be asked to write “RECALLED” in permanent marker on the toy and send a photo of the marked toy to info@thekiddospace.com.",https://www.cpsc.gov/Recalls/2026/TheKiddoSpace-Recalls-Childrens-Montessori-Egg-Puzzle-Toys-Due-to-Risk-of-Serious-Injury-or-Death-from-Choking-Hazard
26-298,CPSC,2026-02-26,TheKiddoSpace Recalls LED Soccer Hover Balls Due to Serious Risk of Injury from Burn Hazard; Violates Mandatory Standard for Toys,Toys & Games,"The surface temperature of the recalled toys’ batteries exceeds the allowable limit, which violates the for toys, posing a risk of burn injuries.","Consumers should stop using the recalled balls immediately, take them away from children and contact The KiddoSpace to receive a free replacement LED soccer hover ball, including shipping.",https://www.cpsc.gov/Recalls/2026/TheKiddoSpace-Recalls-LED-Soccer-Hover-Balls-Due-to-Serious-Risk-of-Injury-from-Burn-Hazard-Violates-Mandatory-Standard-for-Toys
26-299,CPSC,2026-02-26,TheKiddoSpace Recalls Peg Doll Children’s Toys Due to Risk of Serious Injury or Death from Choking Hazard; Violate Small Parts Ban,Toys & Games,"The recalled toys are intended for children under three years old and the toy’s peg dolls can block a child’s airway, which violate the parts ban, posing a risk of choking and death to children.","Consumers should stop using the recalled toys immediately, take them away from children and contact TheKiddoSpace for a full refund. Consumers will be asked to write “RECALLED” in permanent marker on the pieces and send a photo of the marked toys to info@thekiddospace.com.",https://www.cpsc.gov/Recalls/2026/TheKiddoSpace-Recalls-Peg-Doll-Childrens-Toys-Due-to-Risk-of-Serious-Injury-or-Death-from-Choking-Hazard-Violate-Small-Parts-Ban
26-300,CPSC,2026-02-26,TheKiddoSpace Recalls Children’s Christmas Tree Play Sets Due to Risk of Injury from Lead Exposure; Violates Federal Lead Content Ban and Mandatory Standard for Toys,Toys & Games,The zipper pull on the music box compartment of the recalled Christmas Tree Toys contain levels of lead that exceed the federal content ban. Lead is toxic if ingested by young children and can cause adverse health issues.,"Consumers should stop using the recalled play sets immediately, take them away from children, and contact TheKiddoSpace for a free replacement toy of at least equal value to the purchase price of the recalled play set, including free shipping.",https://www.cpsc.gov/Recalls/2026/TheKiddoSpace-Recalls-Childrens-Christmas-Tree-Play-Sets-Due-to-Risk-of-Injury-from-Lead-Exposure-Violates-Federal-Lead-Content-Ban-and-Mandatory-Standard-for-Toys
26-302,CPSC,2026-02-26,Zelbuck Children’s Chess Games Recalled Due to Risk of Serious Injury or Death from Magnet Ingestion; Violate Mandatory Standard for Toys; Sold on Amazon by n b plus,Toys & Games,"The recalled children’s chess games violate the standard for toys because they contain loose magnets posing an ingestion hazard to children. When high-powered magnets are swallowed, they can attract each other, or other metal objects, and become lodged in the digestive system.","Consumers should stop using the recalled games immediately, take them away from children and contact n b plus for a full refund. Consumers will be asked to write “RECALLED” in permanent marker on the games and send a photo of the marked games to zelbuckrecall@sina.com.",https://www.cpsc.gov/Recalls/2026/Zelbuck-Childrens-Chess-Games-Recalled-Due-to-Risk-of-Serious-Injury-or-Death-from-Magnet-Ingestion-Violate-Mandatory-Standard-for-Toys-Sold-on-Amazon-by-n-b-plus
26-303,CPSC,2026-02-26,Joyreal Busy Board Children’s Toys Recalled Due to Risk of Serious Injury or Death from Choking and Laceration Hazards; Violate Small Parts Ban and Mandatory Standard for Toys; Sold on Amazon by Indream Store,Toys & Games,"The recalled children’s toys violate the parts ban because the small mirror can detach from the toy, posing a deadly choking hazard. In addition, the toys violate the mandatory for toys because the toy’s mirror has sharp edges, posing a laceration hazard.","Consumers should stop using the recalled toys immediately, take them away from children and contact Indream Store for a full refund.",https://www.cpsc.gov/Recalls/2026/Joyreal-Busy-Board-Childrens-Toys-Recalled-Due-to-Risk-of-Serious-Injury-or-Death-from-Choking-and-Laceration-Hazards-Violate-Small-Parts-Ban-and-Mandatory-Standard-for-Toys-Sold-on-Amazon-by-Indream-Store
26-307,CPSC,2026-02-26,Babysense Max View Baby Monitors Recalled Due to Fire Hazard; Manufactured by Hisense Ltd. of Israel,Baby Electronics & Monitors,"The display or “parent” unit of the Max View baby monitors can overheat and/or spark when charging, posing a fire hazard to consumers.",Consumers should stop using the display unit of the Max View baby monitors immediately and contact Hisense for a free replacement display unit that does not pose a fire hazard.,https://www.cpsc.gov/Recalls/2026/Babysense-Max-View-Baby-Monitors-Recalled-Due-to-Fire-Hazard-Manufactured-by-Hisense
26C002000,NHTSA,2026-02-25,"Evenflo Company, Inc. Recalls Child Restraints: Incorrect Information in Spanish Language Manual/FMVSS 213",Car Seats,"Incorrect information in the manual may result in an improperly restrained child, increasing the risk of injury in a crash.","Evenflo will mail owners a corrected Spanish language manual, free of charge. Owner notification letters were mailed April 21, 2026. Owners may contact Evenflo customer service at 1-800-233-5921.",https://www.nhtsa.gov/recalls?nhtsaId=26C002000
26-287,CPSC,2026-02-24,Magnetic Chess Games Recalled Due to Risk of Serious Injury or Death from Magnet Ingestion; Violate Mandatory Standard for Toys; Sold on Amazon by Yiruikeji2024,Toys & Games,"The recalled magnetic chess games violate the standard for toys because they contain loose magnets posing an ingestion hazard to children. When high-powered magnets are swallowed, the ingested magnets can attract each other, or other metal objects, and become lodged in the digestive system.","Consumers should immediately stop using the recalled magnetic chess games, take them away from children and contact Yiruikeji2024 for a full refund. Consumers will be asked to send a photo of the disposed product to yirui2024@yeah.net.",https://www.cpsc.gov/Recalls/2026/Magnetic-Chess-Games-Recalled-Due-to-Risk-of-Serious-Injury-or-Death-from-Magnet-Ingestion-Violate-Mandatory-Standard-for-Toys-Sold-on-Amazon-by-Yiruikeji2024
26-272,CPSC,2026-02-19,Huaker Magnetic Balls and Rods Sets Recalled Due to Risk of Serious Injury or Death from Choking; Violates the Small Ball Ban,Toys & Games,"The recalled magnet toy building sets violate the mandatory standard for toys because they contain small balls and are intended for children under three years of age, posing a deadly choking hazard.","Consumers should stop using the recalled magnetic balls and rods sets immediately, take them away from children and contact Huaker to receive a full refund. Consumers will be asked to throw the magnetic toy sets away and email a photo of the disposed product to Huaker-magnetic-balls@outlook.com.",https://www.cpsc.gov/Recalls/2026/Huaker-Magnetic-Balls-and-Rods-Sets-Recalled-Due-to-Risk-of-Serious-Injury-or-Death-from-Choking-Violates-the-Small-Ball-Ban
26-277,CPSC,2026-02-19,SAMIT Youth Multi-Purpose Helmets Recalled Due to Risk of Serious Injury or Death from Head Injury; Violates Mandatory Standard for Bicycle Helmets; Sold on Amazon by SAMIT Outdoor,"Bikes, Scooters & Ride-ons","The recalled helmets violate the mandatory safety standard for helmets because the helmets do not comply with the positional stability and certification requirements. The helmets can fail to protect the user in the event of a crash, posing a serious risk of injury or death due to head injury.",Consumers should immediately stop using the recalled helmets and contact Samit Outdoor for a full refund. Consumers should destroy the recalled helmet by cutting the straps off. Consumers can upload photos of the helmet with the straps cut off to usjialebei@foxmail.com to obtain a refund.,https://www.cpsc.gov/Recalls/2026/SAMIT-Youth-Multi-Purpose-Helmets-Recalled-Due-to-Risk-of-Serious-Injury-or-Death-from-Head-Injury-Violates-Mandatory-Standard-for-Bicycle-Helmets-Sold-on-Amazon-by-SAMIT-Outdoor
26-265,CPSC,2026-02-12,Surveying Accessories Cheaper Recalls Board Games Due to Risk of Serious Injury or Death from Magnet Ingestion; Violates Mandatory Standard for Toys,Toys & Games,"The recalled board games violate the mandatory standard for toys because the magnetic game pieces contain loose high-powered magnets, posing an ingestion hazard to children.",Consumers should immediately stop using the recalled magnetic board games and take them away from children. Consumers should contact Surveying Accessories Cheaper for a pre-paid shipping label to return the board games for a full refund in the form of the original form of payment or check.,https://www.cpsc.gov/Recalls/2026/Surveying-Accessories-Cheaper-Recalls-Board-Games-Due-to-Risk-of-Serious-Injury-or-Death-from-Magnet-Ingestion-Violates-Mandatory-Standard-for-Toys
26-266,CPSC,2026-02-12,CheerKid Baby Bath Seats Recalled Due to Risk of Serious Injury or Death to Children from Drowning; Violates Mandatory Standard for Infant Bath Seats; Sold on Amazon by Babibaby and Woot,Bath & Potty,"The recalled bath seats violate the mandatory standard for bath seats because they are unstable and can tip over while in use, posing a risk of serious injury or death due to drowning.",Consumers should immediately stop using the recalled bath seats and contact Babibaby for a full refund.,https://www.cpsc.gov/Recalls/2026/CheerKid-Baby-Bath-Seats-Recalled-Due-to-Risk-of-Serious-Injury-or-Death-to-Children-from-Drowning-Violates-Mandatory-Standard-for-Infant-Bath-Seats-Sold-on-Amazon-by-Babibaby-and-Woot
26-240,CPSC,2026-02-05,Lola Plus The Boys Recalls Youth Clothing with Drawstrings Due to Risk of Serious Injury or Death from Strangulation Hazard; Violates Federal Rule for Children’s Upper Outerwear,Children's Clothing & Accessories,The drawstrings in the recalled clothing can get caught on objects and cause death or serious injury to children due to the strangulation hazard. The clothes are in violation of the federal rule for children’s upper outerwear and present a substantial product hazard.,"Consumers should immediately take the recalled clothing away from children, remove the drawstrings to eliminate the hazard and contact Lola Plus The Boys for a full refund.",https://www.cpsc.gov/Recalls/2026/Lola-Plus-The-Boys-Recalls-Youth-Clothing-with-Drawstrings-Due-to-Risk-of-Serious-Injury-or-Death-from-Strangulation-Hazard-Violates-Federal-Rule-for-Childrens-Upper-Outerwear
26-254,CPSC,2026-02-05,Cobelae Busy Books Recalled Due to Risk of Serious Injury or Death from Choking Hazard; Violates Small Parts Ban; Sold on Amazon by Flyindream,Toys & Games,"The toy books violate the small parts ban because the beads can loosen and detach from the product, posing a deadly choking hazard.","Consumers should immediately stop using the recalled busy book and contact Flyindream to receive a free replacement book. Consumers should write “RECALLED” on the front of the book with permanent marker, throw the product away, and send a photo of the disposed product to cobelaeservice@outlook.com.",https://www.cpsc.gov/Recalls/2026/Cobelae-Busy-Books-Recalled-Due-to-Risk-of-Serious-Injury-or-Death-from-Choking-Hazard-Violates-Small-Parts-Ban-Sold-on-Amazon-by-Flyindream
H-0544-2026,FDA,2026-02-05,"IF Holding II, LLC Recalls tippy toes apple pear banana 6 months & up baby food 2-4OZ (113g) PACKS NET WT 8 OZ (226g) DISTRIBUTED BY TOPCO ASSOCIATES LLC ELK GROVE VILLAGE, IL 60007 1-888…",Feeding & High Chairs,Potential contamination with patulin.,FDA Class II enforcement recall; status: ongoing.,https://www.accessdata.fda.gov/scripts/ires/index.cfm?Event=98337
26-219,CPSC,2026-01-29,AiTuiTui Pull String Teething Toys Recalled Due to Risk of Serious Injury or Death from Choking; Violate Mandatory Standard for Toys; Sold on Amazon by Vanfun,Feeding & High Chairs,"The recalled teething toys violate the mandatory standard for toys because the silicone strings are smaller than permitted. The silicone strings can reach the back of the throat and become lodged, posing a risk of respiratory distress, serious choking hazard, and death.",Consumers should stop using the teething toy immediately and contact Vanfun for full refund remedy.,https://www.cpsc.gov/Recalls/2026/AiTuiTui-Pull-String-Teething-Toys-Recalled-Due-to-Risk-of-Serious-Injury-or-Death-from-Choking-Violate-Mandatory-Standard-for-Toys-Sold-on-Amazon-by-Vanfun
26-226,CPSC,2026-01-29,Hobby Lobby Recalls Giraffe and Llama Plush Toys with Clips Due to Choking Hazard,Toys & Games,"The legs of the plush toy can detach from the body allowing the release of small beads that are on the legs, posing a choking hazard to young children.",Consumers should immediately stop using the Giraffe Plush Toy with clip and the Llama Plush Toy with clip and return to the nearest Hobby Lobby Store for a full refund.,https://www.cpsc.gov/Recalls/2026/Hobby-Lobby-Recalls-Giraffe-and-Llama-Plush-Toys-with-Clips-Due-to-Choking-Hazard
26-204,CPSC,2026-01-22,Yetonamr Pull String Teething Toys Recalled Due to Risk of Serious Injury or Death from Choking; Violate Mandatory Standard for Toys; Sold on Amazon by Longyanguiheng,Feeding & High Chairs,"The recalled teething toys violate the mandatory standard for toys because the silicone strings are smaller than permitted. The silicone strings can reach the back of the throat and become lodged, posing a risk of respiratory distress, serious choking hazard and death.","Consumers should stop using the teething toy immediately, take it away from children and contact Longyanguiheng to receive a full refund.",https://www.cpsc.gov/Recalls/2026/Yetonamr-Pull-String-Teething-Toys-Recalled-Due-to-Risk-of-Serious-Injury-or-Death-from-Choking-Violate-Mandatory-Standard-for-Toys-Sold-on-Amazon-by-Longyanguiheng
26-205,CPSC,2026-01-22,Gagaku Children’s Ice Cream Toy Playsets Recalled Due to Risk of Serious Injury or Death from Magnet Ingestion Hazard; Violate Mandatory Standard for Toys; Sold on Amazon by Brandworl.USA,Toys & Games,"The recalled toys violate the mandatory standard for toys because they contain high-powered magnets which can loosen and detach, posing an ingestion hazard to children.","Consumers should immediately stop using the recalled toys, take them away from children and contact Brandworl.USA for a full refund. Consumers should destroy the toy by writing “RECALLED” with permanent marker on each piece of the toy and send a photo of the destroyed toy to Brandworl@gmail.com.",https://www.cpsc.gov/Recalls/2026/Gagaku-Childrens-Ice-Cream-Toy-Playsets-Recalled-Due-to-Risk-of-Serious-Injury-or-Death-from-Magnet-Ingestion-Hazard-Violate-Mandatory-Standard-for-Toys-Sold-on-Amazon-by-Brandworl-USA
26-207,CPSC,2026-01-22,Based Online Fidget Magnet Ball Toys Recalled Due to Risk of Serious Injury or Death from Magnet Ingestion; Violate Mandatory Standard for Toys,Toys & Games,"The magnet ball toys violate the mandatory standard for toys because they are loose high-powered magnets, posing an ingestion hazard to children. When high-powered magnets are swallowed, they can attract each other, or other metal objects, and become lodged in the digestive system.","Consumers should stop using the recalled magnet ball toys immediately, take them away from children and contact Based Online to receive a full refund. Consumers should throw the magnet ball toys away and email photo of the disposal to Based Online at recall@mail.goclimber.cn.",https://www.cpsc.gov/Recalls/2026/Based-Online-Fidget-Magnet-Ball-Toys-Recalled-Due-to-Risk-of-Serious-Injury-or-Death-from-Magnet-Ingestion-Violate-Mandatory-Standard-for-Toys
26-208,CPSC,2026-01-22,Vndueey Magnetic Men Toy Sets Recalled Due to Risk of Serious Injury or Death from Magnet Ingestion; Violates Mandatory Standard for Toys,Toys & Games,"The recalled magnetic stick figure toy sets violate the mandatory standard for toys because the sets contain loose magnets, posing an ingestion hazard to children.","Consumers should immediately stop using the recalled magnetic toy sets, keep them away from children and contact Vndueey for a full refund. Consumers will be asked to cut all the magnetic stick figures in half and send a photo of the destroyed toy set to vndueeyrecall@outlook.com.",https://www.cpsc.gov/Recalls/2026/Vndueey-Magnetic-Men-Toy-Sets-Recalled-Due-to-Risk-of-Serious-Injury-or-Death-from-Magnet-Ingestion-Violates-Mandatory-Standard-for-Toys
26-215,CPSC,2026-01-22,Mikario Trading Convertible Baby Gyms Recalled Due to Risk of Serious Injury or Death from Suffocation; Violate Mandatory Standard for Infant Support Cushions; Sold on TikTok Shop,Toys & Games,"The recalled baby gyms violate the mandatory safety standard for support cushions because the floor mats can obstruct an infant’s breathing, posing a serious risk of injury or deadly suffocation hazard.","Consumers should immediately stop using the baby gyms and contact Mikario Trading for a full refund. Consumers should remove the toy bar, cut the cushion in half and send a photo of the destroyed gyms to mikariorecall@gmail.com.",https://www.cpsc.gov/Recalls/2026/Mikario-Trading-Convertible-Baby-Gyms-Recalled-Due-to-Risk-of-Serious-Injury-or-Death-from-Suffocation-Violate-Mandatory-Standard-for-Infant-Support-Cushions-Sold-on-TikTok-Shop
26C001000,NHTSA,2026-01-20,"Evenflo Company, Inc. Recalls Child Restraints: Child Seat Missing Tether Strap",Car Seats,"A child seat with a missing tether strap may not adequately protect a child in a crash, increasing the risk of injury.","Evenflo will advise owners to inspect their child seat for a tether strap, and Evenflo will mail owners a tether strap with installation instructions, as necessary, free of charge. Owner notification letters were mailed March 13, 2026. Owners may contact Evenflo customer service at 1-800-233-5921.",https://www.nhtsa.gov/recalls?nhtsaId=26C001000
26-185,CPSC,2026-01-15,BBWOO Baby Loungers Recalled Due to Risk of Serious Injury or Death from Entrapment and Fall Hazards; Violate Mandatory Standard for Infant Sleep Products; Sold on Amazon by LSY Direct,Cribs & Sleep,"The recalled baby loungers violate the mandatory safety standard for Sleep Products. The sides are too low to contain an infant and the enclosed openings at the foot of the loungers are wider than allowed, posing serious risks of fall and entrapment hazards to infants.","Consumers should immediately stop using the recalled baby loungers and contact LSY Direct for a full refund. Consumers should remove the foam and pads from the baby lounger’s cover and cut the cover, foam, and pad in half.",https://www.cpsc.gov/Recalls/2026/BBWOO-Baby-Loungers-Recalled-Due-to-Risk-of-Serious-Injury-or-Death-from-Entrapment-and-Fall-Hazards-Violate-Mandatory-Standard-for-Infant-Sleep-Products-Sold-on-Amazon-by-LSY-Direct
26-191,CPSC,2026-01-15,Yixing Trading Recalls KEAWIS Crib Mattresses Due to Risk of Serious Injury or Death from Entrapment and Suffocation; Violates Mandatory Standard for Crib Mattresses,Cribs & Sleep,"The aftermarket mattresses violate the mandatory standard for crib mattresses, as the mattresses may not adequately fit certain play yards or non-full-sized cribs, which could create gaps posing a deadly entrapment hazard.",Consumers should stop using the crib mattresses immediately and contact Yixing Trading for a full refund.,https://www.cpsc.gov/Recalls/2026/Yixing-Trading-Recalls-KEAWIS-Crib-Mattresses-Due-to-Risk-of-Serious-Injury-or-Death-from-Entrapment-and-Suffocation-Violates-Mandatory-Standard-for-Crib-Mattresses
26-195,CPSC,2026-01-15,Greatale Recalls Self-Feeding Pillows Due to Risk of Serious Injury or Death from Aspiration and Suffocation,Feeding & High Chairs,"The recalled self-feeding pillows hold the bottle at an unsafe angle while keeping it fixed in place so the infant cannot pull away. This can lead to aspiration of milk or formula, posing a risk of suffocation.",Consumers should immediately stop using the recalled self-feeding pillows and contact Greatale for a full refund.,https://www.cpsc.gov/Recalls/2026/Greatale-Recalls-Self-Feeding-Pillows-Due-to-Risk-of-Serious-Injury-or-Death-from-Aspiration-and-Suffocation
26-168,CPSC,2026-01-08,Infant Innovations Recalls BabyBond Retractable Safety Gates Due to Risk of Serious Injury or Death to Children from Entrapment; Violates Mandatory Standard for Gates and Enclosures,Kids Furniture & Storage,"The recalled gates violate the mandatory standard for gates and expandable enclosures because a child’s torso can fit through the opening between the gate and the floor, becoming entrapped, posing a risk of serious injury or death.",Consumers should immediately stop using the recalled gates and contact Infant Innovations at elsie@BabyBond-global.com for instructions to return the gates to any Target store for a full refund.,https://www.cpsc.gov/Recalls/2026/Infant-Innovations-Recalls-BabyBond-Retractable-Safety-Gates-Due-to-Risk-of-Serious-Injury-or-Death-to-Children-from-Entrapment-Violates-Mandatory-Standard-for-Gates-and-Enclosures
26-169,CPSC,2026-01-08,The Kalencom Corporation Recalls SARO Braided Crib Bumpers Due to Risk of Serious Injury or Death from Suffocation; Violates Federal Crib Bumper Ban,Cribs & Sleep,"The recalled padded crib bumpers violate the federal ban on crib bumpers because they can obstruct an infant’s breathing, posing a risk of serious injury or death, due to suffocation. This creates an unsafe sleeping environment for infants.","Consumers should stop using the crib bumpers immediately and request a full refund in one of the following ways:For SARO Braided Crib Bumpers purchased in store at MacroBaby in Orlando, Florida, consumers should return the item to the store for a refund.",https://www.cpsc.gov/Recalls/2026/The-Kalencom-Corporation-Recalls-SARO-Braided-Crib-Bumpers-Due-to-Risk-of-Serious-Injury-or-Death-from-Suffocation-Violates-Federal-Crib-Bumper-Ban
26-171,CPSC,2026-01-08,NFSVLB Baby Bath Seats Recalled Due to Risk of Serious Injury or Death to Children from Drowning and Entrapment; Violate Mandatory Standard for Infant Bath Seats; Sold on Amazon by NFSVLB,Bath & Potty,"The recalled bath seats violate the mandatory standard for infant bath seats because they are unstable and can tip over while in use, and have leg openings that allow the child to slip down until the child's torso can become entrapped, posing a risk of serious injury or death due to drowning and ent…",Consumers should immediately stop using the recalled bath seats and contact NFSVLB to request a full refund.,https://www.cpsc.gov/Recalls/2026/NFSVLB-Baby-Bath-Seats-Recalled-Due-to-Risk-of-Serious-Injury-or-Death-to-Children-from-Drowning-and-Entrapment-Violate-Mandatory-Standard-for-Infant-Bath-Seats-Sold-on-Amazon-by-NFSVLB
26-176,CPSC,2026-01-08,Pounding Toys Recalled Due to Risk of Serious Injury or Death from Magnet Ingestion Hazard; Violate Mandatory Standard for Toys; Sold on Amazon by Findriver and Weeksome,Toys & Games,"The recalled pounding toys violate the mandatory standard for toys because they contain high-powered magnets, which can detach, posing an ingestion hazard to children.",Consumers should immediately stop using the recalled pounding toys and contact Findriver to receive a full refund.,https://www.cpsc.gov/Recalls/2026/Pounding-Toys-Recalled-Due-to-Risk-of-Serious-Injury-or-Death-from-Magnet-Ingestion-Hazard-Violate-Mandatory-Standard-for-Toys-Sold-on-Amazon-by-Findriver-and-Weeksome
26-178,CPSC,2026-01-08,Kori Gey Water Toy Kits Recalled Due to Risk of Serious Injury or Death from Battery Ingestion; Violates Mandatory Standard for Toys; Sold on Amazon by Qaniy,Toys & Games,"The recalled toy kits violate the mandatory standard for toys containing button cell batteries because the compartment that holds the batteries can be easily accessed and opened by children, posing a deadly ingestion hazard to children.","Consumers should immediately stop using the recalled toy’s light up luminous gasket (a LED light containing a button cell battery), take it away from children, and remove and properly dispose of the battery. Contact Qaniy for a full refund.",https://www.cpsc.gov/Recalls/2026/Kori-Gey-Water-Toy-Kits-Recalled-Due-to-Risk-of-Serious-Injury-or-Death-from-Battery-Ingestion-Violates-Mandatory-Standard-for-Toys-Sold-on-Amazon-by-Qaniy
26-181,CPSC,2026-01-08,Joyful Journeys Recalls Baby Loungers Due to Risk of Serious Injury or Death from Entrapment and Fall Hazards; Violates Mandatory Standard for Infant Sleep Products,Cribs & Sleep,"The recalled baby loungers violate the mandatory safety standard for Sleep Products. The sides are too low to contain an infant and the enclosed openings at the foot of the loungers are wider than allowed, posing serious risks of fall and entrapment hazards to infants.","Consumers should immediately stop using the recalled baby loungers and contact Joyful Journeys for a full refund. Consumers should remove the foam and pads from the baby lounger’s cover and cut the cover, foam, and pad in half.",https://www.cpsc.gov/Recalls/2026/Joyful-Journeys-Recalls-Baby-Loungers-Due-to-Risk-of-Serious-Injury-or-Death-from-Entrapment-and-Fall-Hazards-Violates-Mandatory-Standard-for-Infant-Sleep-Products
25C011000,NHTSA,2025-12-24,"Evenflo Company, Inc. Recalls Child Restraints: Recline Position May Shift/FMVSS 213",Car Seats,"A child seat that does not maintain proper recline position may not adequately secure a child in a crash, increasing the risk of injury. Additionally, should another passenger put their hand in the recline mechanism when it shifts out of position, their risk of injury is increased.","Evenflo will replace the child seat, free of charge. Owner notification letters were mailed beginning February 18, 2026. Owners may contact Evenflo customer service at 1-800-233-5921.",https://www.nhtsa.gov/recalls?nhtsaId=25C011000
26-164,CPSC,2025-12-18,Meaicezli Play Purse Sets Recalled Due to Risk of Serious Injury or Death from Battery Ingestion; Violates Mandatory Standard for Toys; Sold on Amazon by Angeer-US,Toys & Games,The children’s toy violates the mandatory standard for because the toy cell phone contains button cell batteries and the toy tablet contains a lithium coin battery that can be easily accessed by children.,"Consumers should stop using the toy purse set immediately, take the toy cell phone and writing tablet away from children and contact Angeer-US for a full refund.",https://www.cpsc.gov/Recalls/2026/Meaicezli-Play-Purse-Sets-Recalled-Due-to-Risk-of-Serious-Injury-or-Death-from-Battery-Ingestion-Violates-Mandatory-Standard-for-Toys-Sold-on-Amazon-by-Angeer-US
26-141,CPSC,2025-12-11,Uuoeebb Infant Walkers Recalled Due to Risk of Serious Injury or Death from Fall and Entrapment Hazards; Violate Mandatory Standard for Infant Walkers; Sold on Amazon by BaoD,Strollers & Carriers,"The recalled infant walkers violate the mandatory standard for walkers because they can fit through a standard doorway and fail to stop at the edge of a step, posing a deadly fall hazard.",Consumers should stop using the recalled infant walkers immediately and contact BaoD for a full refund.,https://www.cpsc.gov/Recalls/2026/Uuoeebb-Infant-Walkers-Recalled-Due-to-Risk-of-Serious-Injury-or-Death-from-Fall-and-Entrapment-Hazards-Violate-Mandatory-Standard-for-Infant-Walkers-Sold-on-Amazon-by-BaoD
26-146,CPSC,2025-12-11,YCXXKJ Baby Bath Seats Recalled Due to Risk of Serious Injury or Death to Children from Drowning; Violate Mandatory Standard for Infant Bath Seats; Sold on Amazon by BenTalk,Bath & Potty,"The recalled bath seats violate the mandatory standard for bath seats because they are unstable and can tip over while in use, posing a risk of serious injury or death due to drowning.",Consumers should immediately stop using the recalled bath seats and contact BenTalk to request a full refund. Consumers should send two photos of the recalled bath seats to BenTalk at bentalkhere@outlook.com.,https://www.cpsc.gov/Recalls/2026/YCXXKJ-Baby-Bath-Seats-Recalled-Due-to-Risk-of-Serious-Injury-or-Death-to-Children-from-Drowning-Violate-Mandatory-Standard-for-Infant-Bath-Seats-Sold-on-Amazon-by-BenTalk
26-148,CPSC,2025-12-11,Luyuan Recalls Youth ATVs Due to Risk of Serious Injury or Death from Crash Hazard; Violate Mandatory Standard for All-Terrain Vehicles,"Bikes, Scooters & Ride-ons","The recalled youth ATVs violate the mandatory ATV safety standard. The youth ATVs’ mechanical suspension fails to comply with safety requirements, posing a crash hazard. Additionally, the handlebars pose a laceration hazard, if the child rider’s body or head impacts the handlebars at high speed.",Consumers should immediately stop using the X-Pro Eagle 40cc Youth ATVs and FRP Sahara 40cc Youth ATVs and contact Luyuan for a free repair from an authorized repair shop.,https://www.cpsc.gov/Recalls/2026/Luyuan-Recalls-Youth-ATVs-Due-to-Risk-of-Serious-Injury-or-Death-from-Crash-Hazard-Violate-Mandatory-Standard-for-All-Terrain-Vehicles
26-131,CPSC,2025-12-04,KTEBO Writing Tablet Toys Recalled Due to Risk of Serious Injury or Death from Battery Ingestion; Violates Mandatory Standard for Toys; Sold on Amazon by KTEBO,Toys & Games,The recalled toys violate the mandatory standard for toys because the screw used to secure the battery compartment that contains a button cell battery does not remain attached as required.,Consumers should immediately stop using the recalled writing tablet toys and contact KTEBO for a free replacement set of tablet toys.,https://www.cpsc.gov/Recalls/2026/KTEBO-Writing-Tablet-Toys-Recalled-Due-to-Risk-of-Serious-Injury-or-Death-from-Battery-Ingestion-Violates-Mandatory-Standard-for-Toys-Sold-on-Amazon-by-KTEBO
26-132,CPSC,2025-12-04,Little Pea Shop Crib Bumpers Recalled Due to Risk of Serious Injury or Death from Suffocation; Violates Federal Crib Bumper Ban; Sold by Little Pea Shop,Cribs & Sleep,"The recalled crib bumpers violate the federal crib bumper ban because they can obstruct an infant’s breathing, posing a risk of serious injury or death, due to suffocation. This creates an unsafe sleeping environment for infants. Padded crib bumpers are banned by the Safe Sleep for Babies Act.","Consumers should immediately stop using the recalled crib bumpers and contact Little Pea Shop for a full refund. Consumers should remove the crib bumpers, cut the padding and email a photo of the destroyed bumpers to support@littlepeashop.com.",https://www.cpsc.gov/Recalls/2026/Little-Pea-Shop-Crib-Bumpers-Recalled-Due-to-Risk-of-Serious-Injury-or-Death-from-Suffocation-Violates-Federal-Crib-Bumper-Ban-Sold-by-Little-Pea-Shop
26-133,CPSC,2025-12-04,Cubimana Building Toy Sets Recalled Due to Risk of Serious Injury or Death from Battery Ingestion; Violates Mandatory Standard for Toys; Sold on Shein by Vatos Toys,Toys & Games,The building toy sets violate the mandatory safety standard because the battery compartment within the LED light piece contains button cell batteries that can be easily accessed by children.,"Consumers should immediately stop using the recalled toy sets, take them away from children, and remove and properly dispose of the batteries. Contact Vatos Toys for a full refund.",https://www.cpsc.gov/Recalls/2026/Cubimana-Building-Toy-Sets-Recalled-Due-to-Risk-of-Serious-Injury-or-Death-from-Battery-Ingestion-Violates-Mandatory-Standard-for-Toys-Sold-on-Shein-by-Vatos-Toys
26-112,CPSC,2025-11-26,Alinux Baby Loungers Recalled Due to Risk of Serious Injury or Death from Entrapment and Fall Hazards; Violates Mandatory Standard for Infant Sleep Products; Sold on Amazon by Winkids,Cribs & Sleep,"The recalled baby loungers violate the mandatory safety standard for Sleep Products. The sides are too low to contain an infant and the enclosed openings at the foot of the loungers are wider than allowed, posing serious risks of fall and entrapment hazards to infants.","Consumers should immediately stop using the recalled baby loungers and contact Winkids for a full refund. Consumers should remove the foam and pads from the baby lounger’s cover and cut the cover, foam and pad in half.",https://www.cpsc.gov/Recalls/2026/Alinux-Baby-Loungers-Recalled-Due-to-Risk-of-Serious-Injury-or-Death-from-Entrapment-and-Fall-Hazards-Violates-Mandatory-Standard-for-Infant-Sleep-Products-Sold-on-Amazon-by-Winkids
26-113,CPSC,2025-11-26,Macardac Baby Loungers Recalled Due to Risk of Serious Injury or Death from Entrapment and Fall Hazards; Violates Mandatory Standard for Infant Sleep Products; Sold on Amazon by Macardac Products,Cribs & Sleep,"The recalled baby loungers violate the mandatory safety standard for Sleep Products. The sides are too low to contain an infant and the enclosed openings at the foot of the loungers are wider than allowed, posing serious risks of fall and entrapment hazards to infants.","Consumers should immediately stop using the recalled baby loungers and contact Macardac Products for a full refund. Consumers should remove the foam and pads from the baby lounger’s cover and cut the cover, foam and pad in half.",https://www.cpsc.gov/Recalls/2026/Macardac-Baby-Loungers-Recalled-Due-to-Risk-of-Serious-Injury-or-Death-from-Entrapment-and-Fall-Hazards-Violates-Mandatory-Standard-for-Infant-Sleep-Products-Sold-on-Amazon-by-Macardac-Products
26-116,CPSC,2025-11-26,Sofoliana and Glotika Baby Loungers Recalled Due to Risk of Serious Injury or Death from Entrapment and Fall Hazards; Violates Mandatory Standard for Infant Sleep Products; Sold on Amazon by Bosen US,Cribs & Sleep,"The recalled baby loungers violate the mandatory safety standard for Sleep Products. The sides are too low to contain an infant and the enclosed openings at the foot of the loungers are wider than allowed, posing serious risks of fall and entrapment hazards to infants.","Consumers should immediately stop using the recalled baby loungers and contact Bosen US for a full refund. Consumers should remove the foam and pad from the baby lounger’s cover and cut the cover, foam and pad in half.",https://www.cpsc.gov/Recalls/2026/Sofoliana-and-Glotika-Baby-Loungers-Recalled-Due-to-Risk-of-Serious-Injury-or-Death-from-Entrapment-and-Fall-Hazards-Violates-Mandatory-Standard-for-Infant-Sleep-Products-Sold-on-Amazon-by-Bosen-US
26-121,CPSC,2025-11-26,Convertible High Chairs Recalled Due to Risk of Serious Injury or Death from Fall and Entrapment Hazards; Violate Mandatory Standard for High Chairs; Sold on Amazon by Rotinyard,Feeding & High Chairs,"The high chairs violate the mandatory standard for chairs because they were sold without the required attached restraint system, posing a deadly fall hazard to babies. In addition, a child’s head can become trapped in the opening between the seat and tray, posing a deadly entrapment hazard.","Consumers should immediately stop using the recalled high chairs and contact Rotinyard for a full refund. Consumers should disassemble the high chairs, cut the restraints and fabric seat cushion insert, and email photos of the destroyed restraints and cushion to trailblazeramz@outlook.com.",https://www.cpsc.gov/Recalls/2026/Convertible-High-Chairs-Recalled-Due-to-Risk-of-Serious-Injury-or-Death-from-Fall-and-Entrapment-Hazards-Violate-Mandatory-Standard-for-High-Chairs-Sold-on-Amazon-by-Rotinyard
26-122,CPSC,2025-11-26,Outdoor Master Children’s and Youth Helmets Recalled Due to Risk of Serious Injury or Death from Head Injury; Violates Mandatory Standard for Bicycle Helmets; Sold and Imported by Outdoor Master,"Bikes, Scooters & Ride-ons","The recalled children’s and youth helmets violate the mandatory safety standard for bicycle helmets. Particularly, the helmets do not comply with the positional stability and coverage requirements.",Consumers should immediately stop using the recalled helmets and contact Outdoor Master for instructions on how to register for a full refund.,https://www.cpsc.gov/Recalls/2026/Outdoor-Master-Childrens-and-Youth-Helmets-Recalled-Due-to-Risk-of-Serious-Injury-or-Death-from-Head-Injury-Violates-Mandatory-Standard-for-Bicycle-Helmets-Sold-and-Imported-by-Outdoor-Master
26-094,CPSC,2025-11-20,AliExpress Recalls Convertible Strollers Due to Risk of Serious Injury or Death from Fall Hazard; Violates Mandatory Standard for Strollers,Strollers & Carriers,"The stroller violates the mandatory standard for because the restraint system can fail, posing a risk of serious injury or deadly fall hazard.",Consumers should immediately stop using the recalled stroller and contact AliExpress to receive a full refund. Consumers will be required to cut the restraints and email a photo of the destroyed product to us_product_recall@aliexpress.com.,https://www.cpsc.gov/Recalls/2026/AliExpress-Recalls-Convertible-Strollers-Due-to-Risk-of-Serious-Injury-or-Death-from-Fall-Hazard-Violates-Mandatory-Standard-for-Strollers
26-095,CPSC,2025-11-20,Bearlala Baby Loungers Recalled Due to Risk of Serious Injury or Death from Entrapment and Fall Hazards; Violates Mandatory Standard for Infant Sleep Products; Sold on Walmart.com by Nuoxuann,Cribs & Sleep,"The recalled baby loungers violate the mandatory standard for Sleep Products. The sides are too low to contain an infant. The enclosed openings at the foot of the loungers are wider than allowed, posing fall and entrapment hazards to infants.","Consumers should immediately stop using the recalled baby loungers and contact Nuoxuann for a full refund. Consumers should remove the foam and pads from the baby lounger’s cover and cut the cover, foam and pad in half.",https://www.cpsc.gov/Recalls/2026/Bearlala-Baby-Loungers-Recalled-Due-to-Risk-of-Serious-Injury-or-Death-from-Entrapment-and-Fall-Hazards-Violates-Mandatory-Standard-for-Infant-Sleep-Products-Sold-on-Walmart-com-by-Nuoxuann
26-096,CPSC,2025-11-20,Little Partners Recalls Children’s Grow 'N Stow Folding Learning Towers Due to Fall Hazard,Kids Furniture & Storage,"The platform inside the tower can collapse, posing a fall hazard to young children.","Consumers should immediately stop using the recalled Grow 'N Stow Folding Learning Tower, keep it away from children and contact Little Partners, to receive a free repair kit, that includes a new crossbar with pin tabs and installation instructions.",https://www.cpsc.gov/Recalls/2026/Little-Partners-Recalls-Childrens-Grow-N-Stow-Folding-Learning-Towers-Due-to-Fall-Hazard
26-099,CPSC,2025-11-20,Play Yards Recalled Due to Risk of Serious Injury or Death from Suffocation and Entrapment Hazards; Violate Mandatory Standard for Play Yards; Sold on Amazon by Anna Queen,Cribs & Sleep,"The play yards violate the mandatory standard for play yards. Infants can become entrapped under the mattress or between the side of the play yard and the mattress, posing a risk of serious injury or deadly suffocation hazard.",Consumers should immediately stop using the recalled play yards and contact Anna Queen for a full refund.,https://www.cpsc.gov/Recalls/2026/Play-Yards-Recalled-Due-to-Risk-of-Serious-Injury-or-Death-from-Suffocation-and-Entrapment-Hazards-Violate-Mandatory-Standard-for-Play-Yards-Sold-on-Amazon-by-Anna-Queen
26-104,CPSC,2025-11-20,Magnet Fidget Spinner Sets Recalled Due to Risk of Serious Injury or Death from Magnet Ingestion; Violates Mandatory Standard for Toys; Sold on Amazon by Anzmtosn,Toys & Games,"The recalled magnet spinner sets violate the mandatory standard for toys because the sets contain loose magnets, posing an ingestion hazard to children. When high-powered magnets are swallowed, they can attract each other, or other metal objects, and become lodged in the digestive system.","Consumers should stop using the recalled magnetic fidget spinner sets immediately, take them away from children and dispose of them. To receive a full refund, consumers should send a photo of the disposal to Anzmtosn via email at Anzmtosn53@163.com.",https://www.cpsc.gov/Recalls/2026/Magnet-Fidget-Spinner-Sets-Recalled-Due-to-Risk-of-Serious-Injury-or-Death-from-Magnet-Ingestion-Violates-Mandatory-Standard-for-Toys-Sold-on-Amazon-by-Anzmtosn
H-0342-2026,FDA,2025-11-20,"A New Life Herbs, LLC Recalls Baby Soothe Herbal Supplement, Promotes rest, helps ease colic, upset stomach, and teething discomfort, Contains: Catnip, Chamomile, Vegetable Glycerin, water;…",Feeding & High Chairs,Unapproved drug claims on product labeling and product misbranded due to no Supplement Facts label,FDA Class II enforcement recall; status: ongoing.,https://www.accessdata.fda.gov/scripts/ires/index.cfm?Event=98037
26-085,CPSC,2025-11-13,Bettina Doll Sets Recalled Due to Risk of Serious Injury or Death from Battery Ingestion; Violates Mandatory Standard for Toys; Sold on Amazon by Shantou Chenghai Xingzigu Toy Industry,Toys & Games,The doll sets violate the mandatory standard for toys because the battery compartment of the unicorn contains button cell batteries that can be easily accessed by children.,"Consumers should immediately take the doll sets away from children, stop using the recalled toys and remove and properly dispose of the batteries.",https://www.cpsc.gov/Recalls/2026/Bettina-Doll-Sets-Recalled-Due-to-Risk-of-Serious-Injury-or-Death-from-Battery-Ingestion-Violates-Mandatory-Standard-for-Toys-Sold-on-Amazon-by-Shantou-Chenghai-Xingzigu-Toy-Industry
26-086,CPSC,2025-11-13,Zippee Silicone Activity Toys Recalled Due to Risk of Serious Injury or Death from Choking; Violates Mandatory Standard for Toys; Imported by Mobi Games,Toys & Games,"The recalled silicone activity toys contain spherical ends that can reach the back of the throat, posing a serious choking hazard to children.","Consumers should stop using the recalled toy immediately, take it away from children and contact Mobi Games to receive a full refund.",https://www.cpsc.gov/Recalls/2026/Zippee-Silicone-Activity-Toys-Recalled-Due-to-Risk-of-Serious-Injury-or-Death-from-Choking-Violates-Mandatory-Standard-for-Toys-Imported-by-Mobi-Games
26-091,CPSC,2025-11-13,Zigjoy Sleep Sacks with Feet Recalled Due to Risk of Serious Injury or Death from Burn Hazard; Violates Mandatory Standard for Children’s Sleepwear; Sold by Zigjoy-US,Cribs & Sleep,"The recalled sleep sacks violate the mandatory flammability standard for children’s sleepwear, posing a burn hazard and risk of serious injury or death to children.","Consumers should immediately stop using the sleep sacks and contact Zigjoy-US for a full refund. Consumers should cut the sleep sacks in half, take a photo of the destroyed garments and email it to zjoy-us@outlook.com to receive the refund.",https://www.cpsc.gov/Recalls/2026/Zigjoy-Sleep-Sacks-with-Feet-Recalled-Due-to-Risk-of-Serious-Injury-or-Death-from-Burn-Hazard-Violates-Mandatory-Standard-for-Childrens-Sleepwear-Sold-by-Zigjoy-US
H-0249-2026,FDA,2025-11-08,"ByHeart, INC. Recalls 1. ByHeart Whole Nutrition Infant Formula cans 24 OZ 680 grams; Cans sold in 1 pack, 2 packs, 4 packs, or 6 packs 2.",Feeding & High Chairs,Contaminated with Clostridium botulinum,FDA Class I enforcement recall; status: ongoing.,https://www.accessdata.fda.gov/scripts/ires/index.cfm?Event=97959
26-069,CPSC,2025-11-06,Criblike Mattresses Recalled Due to Risk of Serious Injury or Death from Entrapment or Suffocation; Violates Mandatory Standards for Mattresses; Sold on Amazon by Mengna,Cribs & Sleep,"The aftermarket mattresses violate the mandatory standard for mattresses, as the mattresses may not adequately fit certain play yards or non-full-sized cribs, posing a deadly entrapment hazard.",Consumers should immediately stop using the crib mattresses and contact Criblike for instructions on requesting a full refund.,https://www.cpsc.gov/Recalls/2026/Criblike-Mattresses-Recalled-Due-to-Risk-of-Serious-Injury-or-Death-from-Entrapment-or-Suffocation-Violates-Mandatory-Standards-for-Mattresses-Sold-on-Amazon-by-Mengna
26-071,CPSC,2025-11-06,Napei Infant Bath Tubs Recalled Due to Risk of Serious Injury or Death from Ingestion Hazard; Violates Mandatory Standard for Consumer Products with Button Cell Batteries; Sold on Amazon by Sefon Store,Bath & Potty,The recalled infant bath tubs violate the mandatory standard for consumer products containing button cell or coin batteries because the built-in thermometer contains button cell batteries that can be accessed easily by children.,Consumers should immediately stop using the infant bath tubs and contact Sefon Store for instructions to receive a free replacement battery compartment.,https://www.cpsc.gov/Recalls/2026/Napei-Infant-Bath-Tubs-Recalled-Due-to-Risk-of-Serious-Injury-or-Death-from-Ingestion-Hazard-Violates-Mandatory-Standard-for-Consumer-Products-with-Button-Cell-Batteries-Sold-on-Amazon-by-Sefon-Store
26-074,CPSC,2025-11-06,Sanven Technology Recalls Vevor Baby Swings Due to Risk of Serious Injury from Suffocation Hazard; Violates Mandatory Standard for Infant Sleep Products and Inclined Sleepers Ban,Cribs & Sleep,"The swings were marketed for infant sleep and have an incline angle greater than 10 degrees, violating the mandatory safety standard for Infant Sleep Products and the ban on inclined sleepers under the Safe Sleep for Babies Act, posing a deadly suffocation risk.",Consumers should immediately stop using the swings and contact Sanven Technology for a full refund.,https://www.cpsc.gov/Recalls/2026/Sanven-Technology-Recalls-Vevor-Baby-Swings-Due-to-Risk-of-Serious-Injury-from-Suffocation-Hazard-Violates-Mandatory-Standard-for-Infant-Sleep-Products-and-Inclined-Sleepers-Ban
26-075,CPSC,2025-11-06,Inkari Plush Alpaca Toys Recalled Due to Risk of Serious Injury or Death from Choking Hazard; Violate Small Parts Ban; Imported by Inkari,Toys & Games,"The recalled toys are intended for children under three years of age and the eyes can detach, which violates the small parts ban, posing a choking hazard to children.",Consumers should immediately stop using the recalled plush toys and contact Inkari for a full refund. Consumers will be asked to cut the fur of the toy and send a photo to support@inkari-alpaca.com.,https://www.cpsc.gov/Recalls/2026/Inkari-Plush-Alpaca-Toys-Recalled-Due-to-Risk-of-Serious-Injury-or-Death-from-Choking-Hazard-Violate-Small-Parts-Ban-Imported-by-Inkari
26-081,CPSC,2025-11-06,WYBITNY Bed Rails Recalled Due to Risk of Serious Injury or Death from Entrapment; Violates Mandatory Standard for Children’s Portable Bed Rails; Sold on Amazon by WYBITNY,Kids Furniture & Storage,"The recalled bed rails violate the mandatory standard for children’s portable bed rails because, when installed adjacent to the bed, the child can become entrapped in the enclosed openings, the openings on the side of the mattress, and the openings on top of the mattress, posing a risk of serious in…","Consumers should immediately stop using the recalled bed rails and contact WYBITNY for a full refund. Consumers should send a photo of the recalled bed rails, with “Recalled” written on the front in permanent marker, to WYBITNY by email at servicewybitny@outlook.com.",https://www.cpsc.gov/Recalls/2026/WYBITNY-Bed-Rails-Recalled-Due-to-Risk-of-Serious-Injury-or-Death-from-Entrapment-Violates-Mandatory-Standard-for-Childrens-Portable-Bed-Rails-Sold-on-Amazon-by-WYBITNY
26-052,CPSC,2025-10-30,Modera Recalls Modera Pack N Play Mattresses Due to Risk of Serious Injury or Death from Entrapment; Violates Mandatory Standard for Crib Mattresses,Cribs & Sleep,"The after-market play yard mattresses may not adequately fit certain play yards, which is in violation of the mandatory standard for mattresses, posing a deadly entrapment hazard.",Consumers should immediately stop using the recalled mattresses and contact Modera for a full refund. Consumers go to to register for the recall and receive instructions on how to dispose of the recalled mattress,https://www.cpsc.gov/Recalls/2026/Modera-Recalls-Modera-Pack-N-Play-Mattresses-Due-to-Risk-of-Serious-Injury-or-Death-from-Entrapment-Violates-Mandatory-Standard-for-Crib-Mattresses
26-053,CPSC,2025-10-30,Grundens Recalls Youth Jackets with Drawstrings Due to Strangulation Hazard; Risk of Serious Injury or Death,Children's Clothing & Accessories,"A drawstring in the hood of the recalled jackets presents a substantial product hazard as it can get caught on objects and cause death or serious injury to children, due to strangulation.",Consumers should immediately take the recalled jackets away from children and remove the drawstrings to eliminate the hazard.,https://www.cpsc.gov/Recalls/2026/Grundens-Recalls-Youth-Jackets-with-Drawstrings-Due-to-Strangulation-Hazard-Risk-of-Serious-Injury-or-Death
26-060,CPSC,2025-10-30,HOMEAL Bed Rails Recalled Due to Risk of Serious Injury or Death from Entrapment; Violates Mandatory Standard for Children’s Portable Bed Rails; Sold on Amazon by HOMEAL,Kids Furniture & Storage,"The recalled bed rails violate the mandatory standard for children’s portable bed rails because when installed adjacent to the bed, a child can become entrapped in the openings on the side of the mattress, posing a risk of serious injury or death due to entrapment.","Consumers should immediately stop using the recalled bed rails and contact HOMEAL for a full refund. Consumers should remove the cloth covering from the frame, cut the cloth in half, and email a photo of the destroyed cloth and frame to HOMEAL at homeal_recalls@outlook.com.",https://www.cpsc.gov/Recalls/2026/HOMEAL-Bed-Rails-Recalled-Due-to-Risk-of-Serious-Injury-or-Death-from-Entrapment-Violates-Mandatory-Standard-for-Childrens-Portable-Bed-Rails-Sold-on-Amazon-by-HOMEAL
26-061,CPSC,2025-10-30,5-in-1 Convertible High Chairs Recalled Due to Risk of Serious Injury or Death from Fall and Entrapment Hazards; Violates Mandatory Standard for High Chairs; Imported by Harppa,Feeding & High Chairs,"The high chairs pose a risk of serious injury or death to children because they violate the mandatory standard for high chairs. The high chairs were sold without the required attached restraint system, posing a serious risk of falls to children.","Consumers should immediately stop using the high chairs and contact Harppa for a replacement high chair. Consumers should email recall@harppababy.com and provide the order number, order date, or photo of the tracking label located on the seatback.",https://www.cpsc.gov/Recalls/2026/5-in-1-Convertible-High-Chairs-Recalled-Due-to-Risk-of-Serious-Injury-or-Death-from-Fall-and-Entrapment-Hazards-Violates-Mandatory-Standard-for-HighChairs-Imported-by-Harppa
26-044,CPSC,2025-10-23,Olympia Tools International Recalls Pack-N-Stroll Utility Wagons Due to Risk of Serious Injury or Death from Entrapment and Falls; Violates Mandatory Standard for Strollers,Strollers & Carriers,"The utility wagon violates the mandatory standard for because an opening between the organizational tray and the sidewall may cause a child’s head to become entrapped, posing a risk of serious injury or death.",Consumers should stop using the utility wagons immediately and return the item to Costco to receive a full refund.,https://www.cpsc.gov/Recalls/2026/Olympia-Tools-International-Recalls-Pack-N-Stroll-Utility-Wagons-Due-to-Risk-of-Serious-Injury-or-Death-from-Entrapment-and-Falls-Violates-Mandatory-Standard-for-Strollers
26-032,CPSC,2025-10-16,Belivium Baby Loungers Recalled Due to Risk of Serious Injury or Death from Suffocation and Entrapment Hazards; Violates Mandatory Standard for Infant Sleep Products; Sold on Amazon by Belivium,Cribs & Sleep,"The baby loungers violate the mandatory standard for Sleep Products because the sides are shorter than the minimum side height limit to secure the infant; the sleeping pad’s thickness exceeds the maximum limit, posing a suffocation hazard; and the enclosed openings at the foot of the loungers are wi…","Consumers should stop using the baby loungers immediately and contact Belivium for a full refund. Consumers should remove the sleeping pad, cut up the sides of the baby loungers and the sleeping pad and email a photo of the destroyed lounger to BeliviumRecall@163.com to obtain a full refund.",https://www.cpsc.gov/Recalls/2026/Belivium-Baby-Loungers-Recalled-Due-to-Risk-of-Serious-Injury-or-Death-from-Suffocation-and-Entrapment-Hazards-Violates-Mandatory-Standard-for-Infant-Sleep-Products-Sold-on-Amazon-by-Belivium
26-012,CPSC,2025-10-09,Generic Magnetic Ball Sets Recalled Due to Risk of Serious Injury or Death from Magnet Ingestion; Violates Mandatory Standard for Toys; Sold on Amazon by Ritons,Toys & Games,The recalled 3 mm magnetic ball sets violate the mandatory standard for toys because the magnet sets contain loose magnets posing an ingestion hazard to children.,Consumers should stop using the recalled magnetic ball sets immediately and take them away from children and contact Ritons for instructions on how to receive a refund. Ritons will provide a prepaid label for consumers to return the recalled products.,https://www.cpsc.gov/Recalls/2026/Generic-Magnetic-Ball-Sets-Recalled-Due-to-Risk-of-Serious-Injury-or-Death-from-Magnet-Ingestion-Violates-Mandatory-Standard-for-Toys-Sold-on-Amazon-by-Ritons
26-015,CPSC,2025-10-09,YGJT Baby Loungers Recalled Due to Risk of Serious Injury or Death from Entrapment and Fall; Violates Mandatory Standard for Infant Sleep Products; Sold on SHEIN by YGJT Local Warehouse,Cribs & Sleep,"The recalled baby loungers violate the mandatory standard for Sleep Products. The sides are too low to contain an infant. The enclosed openings at the foot of the loungers are wider than allowed, posing a fall and an entrapment hazard to infants.","Consumers should immediately stop using the recalled baby loungers and contact YGJT Local Warehouse for a full refund. Consumers should remove the foam and pads from the baby lounger’s cover and cut the cover, foam and pad in half.",https://www.cpsc.gov/Recalls/2026/YGJT-Baby-Loungers-Recalled-Due-to-Risk-of-Serious-Injury-or-Death-from-Entrapment-and-Fall-Violates-Mandatory-Standard-for-Infant-Sleep-Products-Sold-on-SHEIN-by-YGJT-Local-Warehouse
26-001,CPSC,2025-10-02,In Motion Design Recalls Evermore Surprise Eggs Due to Risk of Serious Injury; Violates Federal Lead Content Ban,Toys & Games,The toy airplane inside the egg contains levels of lead that exceed the federal lead content ban. Lead is toxic if ingested by young children and can cause adverse health issues.,"Consumers should stop using the Surprise Eggs immediately and contact In Motion Design for a refund. Consumers should destroy the toy airplane, send a photo of the destroyed airplane to support@in-motion-design.com, and then dispose of the airplane in accordance with local and state laws.",https://www.cpsc.gov/Recalls/2026/In-Motion-Design-Recalls-Evermore-Surprise-Eggs-Due-to-Risk-of-Serious-Injury-Violates-Federal-Lead-Content-Ban
25-476,CPSC,2025-09-25,AMTRADING Recalls Hoovy Cooling Gel Insert Pads for Car Seats and Strollers Due to Burn Hazard,Car Seats,"The cooling gel pads can become hot if left in the sun or a hot car, posing a burn hazard to young children.",Consumers should immediately stop using the recalled Cooling Gel Insert Pad and contact AMTRADING for instructions on receiving a full refund. Consumers can go to for instructions on how to register for the recall and to dispose of the recalled pad.,https://www.cpsc.gov/Recalls/2025/AMTRADING-Recalls-Hoovy-Cooling-Gel-Insert-Pads-for-Car-Seats-and-Strollers-Due-to-Burn-Hazard
25C010000,NHTSA,2025-09-25,"Evenflo Company, Inc. Recalls Child Restraints: Choking Hazard from Foam in Child Seat Headrest",Car Seats,"Pieces of foam can present a choking hazard to a child, increasing the risk of injury.","Evenflo will mail owners additional tape seal and installation instructions, free of charge. Owner notification letters were mailed November 21, 2025. Owners may contact Evenflo customer service at 1-800-233-5921.",https://www.nhtsa.gov/recalls?nhtsaId=25C010000
25-471,CPSC,2025-09-18,Youbeien Crib Mobiles Recalled Due to Risk of Serious Injury or Death from Battery Ingestion; Violates the Mandatory Toy Standard for Batteries; Sold on Amazon by GKKBSJ,Cribs & Sleep,The recalled toys violate the mandatory standard for toys containing button batteries because the compartment that holds the batteries in the remote can be accessed without the use of a common household tool.,Consumers should immediately stop using the recalled toy and contact GKKBSJ for a refund. Consumers will be asked to throw away the product and send a photo of the disposed product to gkkbsjtoys@outlook.com to receive a full refund.,https://www.cpsc.gov/Recalls/2025/Youbeien-Crib-Mobiles-Recalled-Due-to-Risk-of-Serious-Injury-or-Death-from-Battery-Ingestion-Violates-the-Mandatory-Toy-Standard-for-Batteries-Sold-on-Amazon-by-GKKBSJ
25-472,CPSC,2025-09-18,YooxArmor Multi-Purpose Kids’ Helmets Recalled Due to Risk of Serious Injury or Death from Head Injury; Violates Mandatory Standard for Bicycle Helmets; Sold on Amazon by YooxArmor,"Bikes, Scooters & Ride-ons","The recalled kids’ helmets violate the mandatory safety standard for bicycle helmets because the helmets do not comply with the impact attenuation, positional stability, labeling and certification requirements.",Consumers should immediately stop using the recalled kids’ helmets and contact YooxArmor for a full refund. Consumers should destroy the recalled helmet by cutting the straps off the helmet.,https://www.cpsc.gov/Recalls/2025/YooxArmor-Multi-Purpose-Kids-Helmets-Recalled-Due-to-Risk-of-Serious-Injury-or-Death-from-Head-Injury-Violates-Mandatory-Standard-for-Bicycle-Helmets-Sold-on-Amazon-by-YooxArmor
25-473,CPSC,2025-09-18,LXDHSTRA Baby Loungers and Crib Bumpers Recalled Due to Risk of Serious Injury or Death from Suffocation and Fall Hazards; Violates Federal Standard for Infant Sleep Products and Federal Crib Bumper Ban; Sold on Amazon,Cribs & Sleep,"The recalled baby loungers violate the mandatory standard for Sleep Products. The sides are too low to contain an infant. The sleeping pad is too thick, posing a suffocation hazard.","Consumers should immediately stop using the recalled baby loungers and crib bumpers and contact LXDHSTRA for a full refund. Consumers should remove the foam and pads from the baby lounger’s cover and cut the cover, foam, pad, and crib bumper in half.",https://www.cpsc.gov/Recalls/2025/LXDHSTRA-Baby-Loungers-and-Crib-Bumpers-Recalled-Due-to-Risk-of-Serious-Injury-or-Death-from-Suffocation-and-Fall-Hazards-Violates-Federal-Standard-for-Infant-Sleep-Products-and-Federal-Crib-Bumper-Ban-Sold-on-Amazon
H-0025-2026,FDA,2025-09-12,"M.O.M Enterprises, LLC. Recalls Organic BABY bedtime drops; sleep + immunity blend; Promotes restful sleep with natural herbs & supports immunity with elderberry & vitamin C; LIQUID DIETARY SU…",Other Children's Products,Potential yeast contamination.,FDA Class II enforcement recall; status: ongoing.,https://www.accessdata.fda.gov/scripts/ires/index.cfm?Event=97608
25-461,CPSC,2025-09-11,Shierdu Children’s Toys Recalled Due to Risk of Serious Injury or Death from Choking Hazard; Violates the Small Parts Ban; Sold on Amazon by Yiwu Shiyi Trading,Toys & Games,"The recalled toy is intended for children under three years of age and contains small parts, which violates the small parts ban, posing a deadly choking hazard.",Consumers should immediately stop using the recalled toys and contact Yiwu Shiyi Trading for a full refund. Consumers will be asked to throw the product away and send a photo of the disposed product to yizhao2025@outlook.com.,https://www.cpsc.gov/Recalls/2025/Shierdu-Childrens-Toys-Recalled-Due-to-Risk-of-Serious-Injury-or-Death-from-Choking-Hazard-Violates-the-Small-Parts-Ban-Sold-on-Amazon-by-Yiwu-Shiyi-Trading
H-0251-2026,FDA,2025-09-05,CHETAK NEW YORK LLC Recalls Deep-brand Premium Select Baby Bhindi KEEP FROZEN Net Wt. 12 oz (340 g),Other Children's Products,Product tested positive Salmonella.,FDA Class I enforcement recall; status: terminated.,https://www.accessdata.fda.gov/scripts/ires/index.cfm?Event=97631
25-456,CPSC,2025-09-04,URMYWO Baby Loungers Recalled Due to Risk of Serious Injury or Death from Suffocation and Fall Hazard; Violates Mandatory Standard for Infant Sleep Products; Sold on Amazon by Pomona,Cribs & Sleep,"The baby loungers violate the mandatory standard for Sleep Products because the sides are shorter than the minimum side height limit to secure the infant; the sleeping pad’s thickness exceeds the maximum limit, posing a suffocation hazard; and an infant could fall out of an enclosed opening at the f…","Consumers should stop using the baby loungers immediately and contact Pomona for a full refund. Consumers should remove the sleeping pad, cut up the sides of the baby loungers and the sleeping pad and email a photo of the destroyed lounger to urmyworecall@yundnetwork.com to obtain a full refund.",https://www.cpsc.gov/Recalls/2025/URMYWO-Baby-Loungers-Recalled-Due-to-Risk-of-Serious-Injury-or-Death-from-Suffocation-and-Fall-Hazard-Violates-Mandatory-Standard-for-Infant-Sleep-Products-Sold-on-Amazon-by-Pomona
25-450,CPSC,2025-08-28,Party Favors Lite-Up Torches and Laser Pointers Recalled Due to Risk of Serious Injury or Death from Battery Ingestion; Violates Multiple Standards; Imported by MTC Trading,Other Children's Products,The recalled lite-up torches contain button cell batteries in violation of the mandatory standard for toys and the recalled mini laser pointers contain button cell batteries in violation of the mandatory standard for consumer products because the button cell batteries can be accessed easily by child…,"Consumers should immediately stop using the Lite-Up Torches and Mini Laser Pointers, take them away from children and place them where children cannot access them. Consumers may contact MTC Trading to request a full refund.",https://www.cpsc.gov/Recalls/2025/Party-Favors-Lite-Up-Torches-and-Laser-Pointers-Recalled-Due-to-Risk-of-Serious-Injury-or-Death-from-Battery-Ingestion-Violates-Multiple-Standards-Imported-by-MTC-Trading
25-433,CPSC,2025-08-14,Children’s Toys Recalled Due to Risk of Serious Injury or Death from Choking; Violates the Small Ball Ban; Sold on Shein by STWUQIKONG,Toys & Games,"The recalled toy contains small balls and is intended for children under three years of age, which violates the small ball ban, posing a deadly choking hazard.",Consumers should immediately take the toy away from children and contact STWUQIKONG for a full refund. Consumers will be asked to throw the product away and send a photo of the disposed product to STWUQIKONG_RECALL@hotmail.com.,https://www.cpsc.gov/Recalls/2025/Childrens-Toys-Recalled-Due-to-Risk-of-Serious-Injury-or-Death-from-Choking-Violates-the-Small-Ball-Ban-Sold-on-Shein-by-STWUQIKONG
25-421,CPSC,2025-08-07,Petmate Recalls Pet Zone Pet Toys Due to Risk of Serious Injury or Death from Ingestion Hazard; Violation of Mandatory Standard for Consumer Products with Button Cell Batteries; Sold Exclusively at Menards,Toys & Games,"The recalled pet toys violate the mandatory standard for consumer products containing button cell or coin batteries as required by Law because the LED-illuminated plastic sphere can break upon impact, making the button cell batteries easily accessible to children, posing an ingestion hazard.","Consumers should immediately stop using the recalled pet toys and contact Petmate for a full refund. Note: Button cell and coin batteries are hazardous. If disposing of or recycling button cell or coin batteries, do so in a manner that follows local hazardous waste procedures.",https://www.cpsc.gov/Recalls/2025/Petmate-Recalls-Pet-Zone-Pet-Toys-Due-to-Risk-of-Serious-Injury-or-Death-from-Ingestion-Hazard-Violation-of-Mandatory-Standard-for-Consumer-Products-with-Button-Cell-Batteries-Sold-Exclusively-at-Menards
25-422,CPSC,2025-08-07,TEMI Go Basketball Toys Recalled Due to Risk of Serious Injury or Death from Choking; Violates Small Ball Ban; Sold on Amazon by Temitoys,Toys & Games,"The recalled toy contains small balls and is intended for children under three years of age, which violates the small ball ban, posing a deadly choking hazard.",Consumers should immediately take the toy away from children and contact TEMI Toys for a full refund. Consumers will be asked to throw the product away and send a photo of the disposed product to Temitoys@outlook.com.,https://www.cpsc.gov/Recalls/2025/TEMI-Go-Basketball-Toys-Recalled-Due-to-Risk-of-Serious-Injury-or-Death-from-Choking-Violates-Small-Ball-Ban-Sold-on-Amazon-by-Temitoys
H-0576-2025,FDA,2025-08-05,"M.O.M Enterprises, LLC. Recalls Organic BABY bedtime drops; sleep + immunity blend; Promotes restful sleep with natural herbs & supports immunity with elderberry & vitamin C; LIQUID DIETARY SU…",Other Children's Products,Potential for spoilage due to yeast contamination.,FDA Class II enforcement recall; status: ongoing.,https://www.accessdata.fda.gov/scripts/ires/index.cfm?Event=97401
25-413,CPSC,2025-07-31,Tegu Recalls Magnetic Floating Stackers Toys Due to Magnet Ingestion Hazard; Risk of Serious Injury or Death; Violates Mandatory Standard for Toy Magnets,Toys & Games,"The recalled magnetic floating stackers toys violate the mandatory standard for toy magnets because they contain magnets that can loosen and detach from the toy, posing an ingestion hazard to children.",Consumers should take the product away from children immediately and contact Tegu for instructions on receiving a free replacement stacker toy.,https://www.cpsc.gov/Recalls/2025/Tegu-Recalls-Magnetic-Floating-Stackers-Toys-Due-to-Magnet-Ingestion-Hazard-Risk-of-Serious-Injury-or-Death-Violates-Mandatory-Standard-for-Toy-Magnets
25-415,CPSC,2025-07-31,Backyard Kids Recalls KidKraft Farm to Table Play Kitchens Due to Strangulation Hazard; One Death Reported,Toys & Games,"If young children are climbing on the counter or crawling through the opening at the back of the play kitchen, their clothing can get caught on the plastic or metal hooks meant to hold toy kitchen accessories such as play pots and pans, posing a strangulation hazard.","Consumers should immediately stop using the play kitchens, remove the original hooks, and contact Backyard Kids for free replacement hooks.",https://www.cpsc.gov/Recalls/2025/Backyard-Kids-Recalls-KidKraft-Farm-to-Table-Play-Kitchens-Due-to-Strangulation-Hazard-One-Death-Reported
25-419,CPSC,2025-07-31,Baby Loren Recalls Morning Children’s Loungewear Due to Serious Risk of Injury or Death from Burns; Violation of Federal Flammability Standards for Children’s Sleepwear,Other Children's Products,"The recalled children’s loungewear violates the flammability standards for children’s sleepwear, posing a risk of burn injuries and death to children.",Consumers should stop using the recalled dresses immediately and contact Baby Loren for information on how to return the recalled dresses free of cost for a full refund. Baby Loren is contacting all known purchasers directly.,https://www.cpsc.gov/Recalls/2025/Baby-Loren-Recalls-Morning-Childrens-Loungewear-Due-to-Serious-Risk-of-Injury-or-Death-from-Burns-Violation-of-Federal-Flammability-Standards-for-Childrens-Sleepwear
25-398,CPSC,2025-07-24,LED Gloves Recalled Due to Risk of Serious Injury or Death from Battery Ingestion; Violates the Mandatory Toy Standard and Child Resistant Coin Battery Packaging Standard; Sold on Amazon by Minongad,Toys & Games,The recalled LED gloves violate the mandatory standard for toys containing coin batteries because the compartment that holds the batteries can be easily accessed and opened by children.,"Consumers should immediately stop using the recalled LED gloves, take them away from children and dispose of them. Contact Minongad for a full refund. Note: Button cell and coin batteries are hazardous. Batteries should be disposed of or recycled by following local hazardous waste procedures.",https://www.cpsc.gov/Recalls/2025/LED-Gloves-Recalled-Due-to-Risk-of-Serious-Injury-or-Death-from-Battery-Ingestion-Violates-the-Mandatory-Toy-Standard-and-Child-Resistant-Coin-Battery-Packaging-Standard-Sold-on-Amazon-by-Minongad
25-404,CPSC,2025-07-24,Innovative Designs Recalls Minecraft Light-Up Slap Ruler Bracelets Due to Risk of Serious Injury or Death from Button Cell Battery Ingestion Hazard; Violates Mandatory Standard for Toys,Toys & Games,"The battery compartment of the recalled light-up ruler bracelets can be opened easily by children, allowing access to the button cell batteries, violating the battery-operated toys requirements under the mandatory standard for toys.",Consumers should immediately stop using the recalled Minecraft Light-Up Ruler Bracelets and take them away from children. Contact Innovative Designs for information on disposal and for a full refund.,https://www.cpsc.gov/Recalls/2025/Innovative-Designs-Recalls-Minecraft-Light-Up-Slap-Ruler-Bracelets-Due-to-Risk-of-Serious-Injury-or-Death-from-Button-Cell-Battery-Ingestion-Hazard-Violates-Mandatory-Standard-for-Toys
25-379,CPSC,2025-07-10,Creekliybear Play Yard Mattresses Recalled Due to Risk of Serious Injury or Death from Entrapment Hazard; Violates Mandatory Standard for Crib Mattresses; Sold on Amazon by Kbabyea,Cribs & Sleep,"The aftermarket play yard mattresses violate the mandatory standard for mattresses, as the mattresses exceed thickness requirements and may not adequately fit certain play yards, posing a deadly entrapment hazard.",Consumers should immediately stop using the mattresses and contact Kbabyea for a full refund. Consumers should cut the mattresses in half and send a photo of the cut-mattress in the waste bin to Kbabyearecall@outlook.com to receive a full refund.,https://www.cpsc.gov/Recalls/2025/Creekliybear-Play-Yard-Mattresses-Recalled-Due-to-Risk-of-Serious-Injury-or-Death-from-Entrapment-Hazard-Violates-Mandatory-Standard-for-Crib-Mattresses-Sold-on-Amazon-by-Kbabyea
25-382,CPSC,2025-07-10,SPPTTY Kids Bicycles Recalled Due to Risk of Death or Injury from Lead Poisoning; Violates Federal Lead Content Ban; Sold at Walmart by Shenzhen Yihuachuang Technology,"Bikes, Scooters & Ride-ons","Multiple components of the children’s bicycles contain levels of lead that exceed the federal lead content ban, posing a lead poisoning hazard to children. In addition, the black paint on the bicycle pumps contains lead that exceeds the federal lead paint ban.","Consumers should stop using the recalled children’s bicycles immediately and contact Shenzhen Yihuachuang Technology for a full refund. To receive a refund, consumers should dismantle the bicycles, take a photo, and send the photo by email to lishkjie@163.com.",https://www.cpsc.gov/Recalls/2025/SPPTTY-Kids-Bicycles-Recalled-Due-to-Risk-of-Death-or-Injury-from-Lead-Poisoning-Violates-Federal-Lead-Content-Ban-Sold-at-Walmart-by-Shenzhen-Yihuachuang-Technology
25-383,CPSC,2025-07-10,Braided Crib Bumpers Recalled Due to Risk of Serious Injury or Death from Suffocation; Violates Federal Crib Bumper Ban; Sold on Amazon by Haoyunm,Cribs & Sleep,"The recalled crib bumpers violate the federal ban on crib bumpers because the padded crib bumpers can obstruct breathing, posing a risk of serious injury or death to infants from suffocation. Padded crib bumpers are banned by the Federal Safe Sleep for Babies Act.","Consumers should stop using the crib bumpers, remove them from the crib immediately and contact Haoyunm for a refund. Consumers should cut the bumper in half, take a photo of it, and email the photo to hyzhongtshung@outlook.com.",https://www.cpsc.gov/Recalls/2025/Braided-Crib-Bumpers-Recalled-Due-to-Risk-of-Serious-Injury-or-Death-from-Suffocation-Violates-Federal-Crib-Bumper-Ban-Sold-on-Amazon-by-Haoyunm
25-384,CPSC,2025-07-10,AUGNORYE Padded Crib Bumpers Recalled Due to Risk of Serious Injury or Death from Suffocation; Violates Federal Crib Bumper Ban; Sold on Amazon by YIXIA,Cribs & Sleep,"The recalled padded cushioned crib bumpers violate the federal crib bumper ban because they can obstruct an infant’s breathing, posing a suffocation hazard. This creates an unsafe sleeping environment for infants. Padded crib bumpers are banned by the Sleep for Babies Act.","Consumers should immediately stop using the recalled padded cushioned crib bumpers and contact YIXIA for a full refund. Consumers should remove the crib bumpers, cut the straps and padding and email a photo of the destroyed bumpers to Yixiakejirecall@163.com to obtain a full refund.",https://www.cpsc.gov/Recalls/2025/AUGNORYE-Padded-Crib-Bumpers-Recalled-Due-to-Risk-of-Serious-Injury-or-Death-from-Suffocation-Violates-Federal-Crib-Bumper-Ban-Sold-on-Amazon-by-YIXIA
25-372,CPSC,2025-07-03,SNLN Party Supply Toys Recalled Due to Ingestion Hazard; Risk of Serious Injury or Death; Federal Toy Standard Violation; Sold Exclusively on Amazon by Yiwu Dixikeji Douxiangongsi,Toys & Games,"The recalled party supply toys violate the mandatory standard for toys containing button cell batteries because the compartment that holds the batteries can be easily accessed and opened by children, posing a deadly ingestion hazard to children.When button cell or coin batteries are swallowed, the i…","Consumers should immediately stop using the recalled party supply toys and take them away from children. Contact Yiwu Dixikeji Douxiangongsi for a full refund. To receive a refund, consumers should send a photo of the recalled toys being disposed of in the trash by email at dixikeji@gmail.com.",https://www.cpsc.gov/Recalls/2025/SNLN-Party-Supply-Toys-Recalled-Due-to-Ingestion-Hazard-Risk-of-Serious-Injury-or-Death-Federal-Toy-Standard-Violation-Sold-Exclusively-on-Amazon-by-Yiwu-Dixikeji-Douxiangongsi
25-361,CPSC,2025-06-26,Boyro Baby Walkers Recalled Due to Risk of Serious Injury or Death to Children from Fall Hazard; Violations of the Federal Standard for Infant Walkers and Lead Content Ban; Sold Exclusively on Amazon.com,Strollers & Carriers,"The recalled baby walkers violate the federal safety standard for infant walkers because they can fit through a standard doorway and fail to stop at the edge of a step as required, posing a risk of serious injury or death due to a fall hazard.",Consumers should stop using and disassemble the recalled baby walkers immediately and contact Boyro Baby for instructions on receiving a full refund. Consumers will be asked to destroy the disassembled baby walker and email three photos of the destroyed product to boyrobaby@outlook.com.,https://www.cpsc.gov/Recalls/2025/Boyro-Baby-Walkers-Recalled-Due-to-Risk-of-Serious-Injury-or-Death-to-Children-from-Fall-Hazard-Violations-of-the-Federal-Standard-for-Infant-Walkers-and-Lead-Content-Ban-Sold-Exclusively-on-Amazon-com
25-706,CPSC,2025-06-26,"Peg Perego Recalls Tatamia 3-in-1 Recliners, Swings and High Chairs Due to Risk of Suffocation; Violations of Multiple Federal Standards (Recall Alert)",Feeding & High Chairs,"The 3-in-1 products pose a suffocation risk because they were marketed for infant sleep, and they have an incline angle greater than 10 degrees, in violation of the Sleep Products Rule and Sleep for Babies Act.",Consumers should immediately stop using the recalled products and contact Peg Perego for a full refund. Consumers should contact Peg Perego for a prepaid shipping label and packaging to send the products back to Peg Perego. Peg Perego and Amazon are contacting all known purchasers directly.,https://www.cpsc.gov/Recalls/2025/Peg-Perego-Recalls-Tatamia-3-in-1-Recliners-Swings-and-High-Chairs-Due-to-Risk-of-Suffocation-Violations-of-Multiple-Federal-Standards-Recall-Alert
25-345,CPSC,2025-06-18,"TADAKAZU Baby Loungers Recalled Due to Risk of Serious Injury or Death from Suffocation, Fall and Entrapment Hazards; Violations of Federal Standard for Infant Sleep Products; Sold on Amazon",Cribs & Sleep,"The recalled portable baby loungers violate the federal safety standards for Sleep Products because the sides are shorter than the minimum side height limit to secure the infant; the sleeping pad’s thickness exceeds the maximum limit, posing a suffocation hazard; and an infant could fall out of an e…",Consumers should immediately stop using the recalled baby loungers and contact TADAKAZU for a full refund.,https://www.cpsc.gov/Recalls/2025/TADAKAZU-Baby-Loungers-Recalled-Due-to-Risk-of-Serious-Injury-or-Death-from-Suffocation-Fall-and-Entrapment-Hazards-Violations-of-Federal-Standard-for-Infant-Sleep-Products-Sold-on-Amazon
25C008000,NHTSA,2025-06-18,"Evenflo Company, Inc. Recalls Child Restraints: Missing Instruction Manual/FMVSS 213",Car Seats,"A child seat with an incorrect instruction manual may result in improper installation and an improperly restrained child, which can increase the risk of injury in a crash.","Evenflo will mail owners information on how to inspect and replace the instruction manual, free of charge. Owner notification letters were mailed July 15, 2025. Owners may contact Evenflo customer service at 1-800-233-5921.",https://www.nhtsa.gov/recalls?nhtsaId=25C008000
25-336,CPSC,2025-06-12,Bugaboo North America Recalls Giraffe High Chairs Due to Risk of Serious Injury or Death from Fall Hazard,Feeding & High Chairs,The highchairs pose a fall hazard and risk of serious injury or death to babies because the legs of the chair can detach from the frame if the screws connecting the legs are not properly tightened during assembly.,Consumers should immediately stop using the recalled highchairs and contact Bugaboo to receive a free repair kit including an Allen key and new screws to install into the product’s legs. Bugaboo is contacting all known purchasers directly.,https://www.cpsc.gov/Recalls/2025/Bugaboo-North-America-Recalls-Giraffe-High-Chairs-Due-to-Risk-of-Serious-Injury-or-Death-from-Fall-Hazard
H-0235-2025,FDA,2025-06-07,UNFI General Corporate Recalls 1. USA ORGC BOK CHOY 2. USA/MEX OG2 BABY BOKCHOY,Other Children's Products,May be contaminated with fluid from a reach truck,FDA Class II enforcement recall; status: terminated.,https://www.accessdata.fda.gov/scripts/ires/index.cfm?Event=97051
25-312,CPSC,2025-06-05,ZRWD Infant Swings Recalled Due to Risk of Serious Injury or Death from Suffocation Hazard; Multiple Federal Safety Violations; Sold Exclusively on Amazon.com by ZRWD,Cribs & Sleep,"The swings pose a deadly suffocation risk because they were marketed for infant sleep and they have an incline angle greater than 10 degrees, in violation of the CPSC’s Sleep Products Standard and Sleep for Babies Act.",Consumers should immediately stop using the recalled infant swings and contact ZRWD for a full refund. Consumers should send a photo of the swing cover cut in half and of the swing with “Recalled” written with permanent marker on its base to zrwdrecall@163.comand then dispose of the swing.,https://www.cpsc.gov/Recalls/2025/ZRWD-Infant-Swings-Recalled-Due-to-Risk-of-Serious-Injury-or-Death-from-Suffocation-Hazard-Multiple-Federal-Safety-Violations-Sold-Exclusively-on-Amazon-com-by-ZRWD
25-314,CPSC,2025-06-05,Hobby Toy Hammer Ball Sets Recalled Due to Risk of Serious Injury or Death from Choking Hazard; Violation of Federal Regulation for Toys with Small Balls; Sold Exclusively on Amazon.com by Shantou Haochengheng Technology,Toys & Games,The toy sets contain small balls that violate regulations for toys intended for children under three years of age because they are a choking hazard and can cause serious injury or death.,Consumers should stop using the recalled toys immediately and contact Shantou Haochengheng Technology for information on how to destroy the product and obtain a full refund. Shantou Haochengheng Technology and Amazon are also contacting all known purchasers directly.,https://www.cpsc.gov/Recalls/2025/Hobby-Toy-Hammer-Ball-Sets-Recalled-Due-to-Risk-of-Serious-Injury-or-Death-from-Choking-Hazard-Violation-of-Federal-Regulation-for-Toys-with-Small-Balls-Sold-Exclusively-on-Amazon-com-by-Shantou-Haochengheng-Technology
25-315,CPSC,2025-06-05,ZHORANGE Portable Bassinets Recalled Due to Risk of Serious Injury or Death from Fall Hazard; Violation of Federal Standard for Infant Sleep Products; Sold on Amazon.com by DFD Trading,Cribs & Sleep,"The recalled portable bassinets violate the federal safety standard for Sleep Products because the sides are too low to contain the infant and the portable bassinets do not have a stand, posing a fall hazard. These violations create an unsafe sleeping environment for infants.",Consumers should immediately stop using the recalled portable bassinets and contact DFD Trading for a full refund.,https://www.cpsc.gov/Recalls/2025/ZHORANGE-Portable-Bassinets-Recalled-Due-to-Risk-of-Serious-Injury-or-Death-from-Fall-Hazard-Violation-of-Federal-Standard-for-Infant-Sleep-Products-Sold-on-Amazon-com-by-DFD-Trading
25-316,CPSC,2025-06-05,Portable Hook-On Chairs Recalled Due to Risk of Serious Injury or Death from Fall Hazard; Violation of the Federal Standard for Portable Hook-On Chairs; Sold Exclusively on Amazon.com by Ravmix,Feeding & High Chairs,"The recalled portable hook-on chair poses a deadly fall hazard because the crotch restraint can be removed without the use of a tool and infants can fall through an opening, which is a violation of the federal standard for portable hook-on chairs.","Consumers should stop using the hook-on chair immediately and contact Ravmix for information on how to receive a refund. Consumers will be instructed on how to disassemble the product, cut the restraint straps and cloth seat, and email photos of the disassembled product and parts to Ravmix.",https://www.cpsc.gov/Recalls/2025/Portable-Hook-On-Chairs-Recalled-Due-to-Risk-of-Serious-Injury-or-Death-from-Fall-Hazard-Violation-of-the-Federal-Standard-for-Portable-Hook-On-Chairs-Sold-Exclusively-on-Amazon-com-by-Ravmix
25-318,CPSC,2025-06-05,Funlio Convertible High Chairs Recalled Due to Risk of Serious Injury or Death from Fall and Entrapment Hazards; Violation of Federal Standards for High Chairs; Sold by Ecogoods,Feeding & High Chairs,"The recalled high chairs pose a deadly entrapment hazard because the opening between the seat and tray is large enough that a child can become entrapped in it. In addition, the child restraint system can fail, posing a fall hazard. These are violations of the federal standards for high chairs.","Consumers should stop using the recalled high chair immediately, disassemble it and contact Ecogoods for information on how to receive a full refund.",https://www.cpsc.gov/Recalls/2025/Funlio-Convertible-High-Chairs-Recalled-Due-to-Risk-of-Serious-Injury-or-Death-from-Fall-and-Entrapment-Hazards-Violation-of-Federal-Standards-for-High-Chairs-Sold-by-Ecogoods
25-305,CPSC,2025-05-29,BASDEHEN Brand Kitchen Faucets Recalled Due to Dangerous Lead Exposure for Young Children; Sold on Amazon.com by Chenfeng Store,Other Children's Products,The recalled faucets were tested and found to contain lead that can leach into water at levels that can be particularly harmful to infants and young children.,Consumers should immediately stop using these faucets and contact Chenfeng Store about disposal and a refund. Consumers will need to provide a photograph of disposal to receive the refund.,https://www.cpsc.gov/Recalls/2025/BASDEHEN-Brand-Kitchen-Faucets-Recalled-Due-to-Dangerous-Lead-Exposure-for-Young-Children-Sold-on-Amazon-com-by-Chenfeng-Store
25-306,CPSC,2025-05-29,KICIMPRO Brand Kitchen Faucets Recalled Due to Dangerous Lead Exposure for Young Children; Sold on Amazon.com by Kicimpro,Other Children's Products,"The recalled faucets were tested and found to contain lead that can leach into water at levels that can be particularly harmful to infants and young children.Lead ingestion can cause harmful neurological effects on infants and young children, including attention-related behavioral problems, decrease…",Consumers should immediately stop using these faucets and contact Kicimpro about disposal and a refund. Consumers will need to provide a photograph of disposal and their order number to receive the refund.,https://www.cpsc.gov/Recalls/2025/KICIMPRO-Brand-Kitchen-Faucets-Recalled-Due-to-Dangerous-Lead-Exposure-for-Young-Children-Sold-on-Amazon-com-by-Kicimpro
25-307,CPSC,2025-05-29,VFAUOSIT Brand Kitchen Faucets Recalled Due to Dangerous Lead Exposure for Young Children; Sold on Amazon.com by Whisper08,Other Children's Products,The recalled faucets were tested and found to contain lead that can leach into water at levels that can be particularly harmful to infants and young children.,Consumers should immediately stop using these faucets and contact Whisper08 about disposal and a refund. Consumers will need to provide a photograph of disposal and their order number to receive the refund.,https://www.cpsc.gov/Recalls/2025/VFAUOSIT-Brand-Kitchen-Faucets-Recalled-Due-to-Dangerous-Lead-Exposure-for-Young-Children-Sold-on-Amazon-com-by-Whisper08
25-308,CPSC,2025-05-29,The Step2 Company Recalls My First Snowman Toys Due to Risk of Serious Injury or Death from Choking Hazard,Toys & Games,"The top hat on the recalled snowman can break into small pieces, posing a risk of serious injury or death to small children from choking.","Consumers should stop using the recalled snowman immediately, take off the toy snowman’s hat and keep it away from children. Contact The Step2 Company for instructions on how to dispose of the top hat and receive a free replacement. The Step2 Company is notifying all known purchasers directly.",https://www.cpsc.gov/Recalls/2025/The-Step2-Company-Recalls-My-First-Snowman-Toys-Due-to-Risk-of-Serious-Injury-or-Death-from-Choking-Hazard
25-291,CPSC,2025-05-22,Macy’s Recalls Holiday Lane Infant Footed Pajamas Due to Injury Hazard; Sold Exclusively by Macy’s,Other Children's Products,"The elastic on the pajamas’ ankles can be too tight and restrict blood circulation, posing an injury hazard.","Consumers should immediately stop using the recalled pajamas, take them away from children and contact Macy’s for instructions on how to receive a refund. Consumers should not return the recalled pajamas to the stores.",https://www.cpsc.gov/Recalls/2025/Macys-Recalls-Holiday-Lane-Infant-Footed-Pajamas-Due-to-Injury-Hazard-Sold-Exclusively-by-Macys
